idxE,idxQ,img_pathE,img_pathQ,predEQ,label,embedE,embedQ
13_14,13_14,data/cut_ugly_clothes_pair/13_14_E_.jpg,data/cut_ugly_clothes_pair/13_14_Q_.jpg,[0.         0.         0.17726377 ... 0.         0.         0.02976584],0,[0.         0.         0.17726377 ... 0.         0.03475364 0.5999673 ],[0.02449992 0.00303396 0.10267222 ... 0.         0.         0.02976584]
13_101,13_101,data/cut_ugly_clothes_pair/13_101_E_.jpg,data/cut_ugly_clothes_pair/13_101_Q_.jpg,[0.         0.         0.0417484  ... 0.03801771 0.         0.03789923],0,[0.         0.         0.0417484  ... 0.         0.07437234 0.8567201 ],[0.05379424 0.03202078 0.01568688 ... 0.03801771 0.         0.03789923]
13_102,13_102,data/cut_ugly_clothes_pair/13_102_E_.jpg,data/cut_ugly_clothes_pair/13_102_Q_.jpg,[0.         0.2380614  0.0151354  ... 0.04590537 0.01788584 0.17834257],0,[0.         0.2380614  0.0151354  ... 0.02695027 0.         0.31492743],[0.04419637 0.00639267 0.2663448  ... 0.04590537 0.01788584 0.17834257]
13_106,13_106,data/cut_ugly_clothes_pair/13_106_E_.jpg,data/cut_ugly_clothes_pair/13_106_Q_.jpg,[0.         0.0043364  0.11813314 ... 0.         0.05560645 0.08255447],0,[0.         0.0043364  0.11813314 ... 0.         0.04022728 0.35499668],[0.06997272 0.         0.25748175 ... 0.         0.05560645 0.08255447]
13_108,13_108,data/cut_ugly_clothes_pair/13_108_E_.jpg,data/cut_ugly_clothes_pair/13_108_Q_.jpg,[0.06230752 0.04457782 0.47487244 ... 0.         0.57782775 0.32972342],0,[0.06230752 0.04457782 0.47487244 ... 0.01955316 0.11575548 0.05759705],[0.03511378 0.0012749  0.35556123 ... 0.         0.57782775 0.32972342]
13_111,13_111,data/cut_ugly_clothes_pair/13_111_E_.jpg,data/cut_ugly_clothes_pair/13_111_Q_.jpg,[0.         0.03449733 0.00416313 ... 0.00090882 0.00218932 0.0277885 ],0,[0.         0.03449733 0.00416313 ... 0.04842178 0.00357432 0.6923774 ],[0.5632632  0.00208302 0.14638345 ... 0.00090882 0.00218932 0.0277885 ]
13_113,13_113,data/cut_ugly_clothes_pair/13_113_E_.jpg,data/cut_ugly_clothes_pair/13_113_Q_.jpg,[0.         0.04341076 0.         ... 0.         0.01065885 0.1449869 ],0,[0.         0.04341076 0.         ... 0.         0.05677028 0.04718084],[0.051347   0.         0.15993464 ... 0.         0.01065885 0.1449869 ]
13_118,13_118,data/cut_ugly_clothes_pair/13_118_E_.jpg,data/cut_ugly_clothes_pair/13_118_Q_.jpg,[0.         0.         0.01565784 ... 0.         0.03098172 0.10245109],0,[0.         0.         0.01565784 ... 0.         0.         0.14310935],[0.7422287  0.00234173 0.03935331 ... 0.         0.03098172 0.10245109]
13_120,13_120,data/cut_ugly_clothes_pair/13_120_E_.jpg,data/cut_ugly_clothes_pair/13_120_Q_.jpg,[0.         0.25862893 0.07952883 ... 0.0188324  0.         0.00993802],0,[0.         0.25862893 0.07952883 ... 0.         0.06440875 0.1530771 ],[0.         0.         0.         ... 0.0188324  0.         0.00993802]
13_122,13_122,data/cut_ugly_clothes_pair/13_122_E_.jpg,data/cut_ugly_clothes_pair/13_122_Q_.jpg,[0.00808254 0.         0.00454419 ... 0.00076626 0.08163018 0.05900598],0,[0.00808254 0.         0.00454419 ... 0.01818336 0.03467902 0.4607643 ],[0.07760453 0.00233764 0.03882569 ... 0.00076626 0.08163018 0.05900598]
13_126,13_126,data/cut_ugly_clothes_pair/13_126_E_.jpg,data/cut_ugly_clothes_pair/13_126_Q_.jpg,[0.07032119 0.00317457 0.11747956 ... 0.         0.         0.25448668],0,[0.07032119 0.00317457 0.11747956 ... 0.         0.00722053 0.10086524],[0.         0.         0.11341452 ... 0.         0.         0.25448668]
13_128,13_128,data/cut_ugly_clothes_pair/13_128_E_.jpg,data/cut_ugly_clothes_pair/13_128_Q_.jpg,[0.         0.01067099 0.03655916 ... 0.13138637 0.01796691 0.00171169],0,[0.         0.01067099 0.03655916 ... 0.         0.         0.02205587],[0.535483   0.01673423 0.47056803 ... 0.13138637 0.01796691 0.00171169]
13_132,13_132,data/cut_ugly_clothes_pair/13_132_E_.jpg,data/cut_ugly_clothes_pair/13_132_Q_.jpg,[0.13820028 0.         0.29395515 ... 0.01639389 0.34673533 0.        ],0,[0.13820028 0.         0.29395515 ... 0.00808323 0.11298566 0.03834417],[0.12585606 0.         0.53985375 ... 0.01639389 0.34673533 0.        ]
13_133,13_133,data/cut_ugly_clothes_pair/13_133_E_.jpg,data/cut_ugly_clothes_pair/13_133_Q_.jpg,"[8.0578124e-05 5.6291461e-02 1.3302058e-01 ... 0.0000000e+00 0.0000000e+00
 0.0000000e+00]",0,"[8.0578124e-05 5.6291461e-02 1.3302058e-01 ... 0.0000000e+00 1.0746188e-01
 1.3620791e-01]",[0.09055071 0.         0.0557866  ... 0.         0.         0.        ]
13_136,13_136,data/cut_ugly_clothes_pair/13_136_E_.jpg,data/cut_ugly_clothes_pair/13_136_Q_.jpg,[0.         0.02315854 0.09863457 ... 0.01153457 0.00629093 0.21286649],0,[0.         0.02315854 0.09863457 ... 0.         0.01434835 0.07059754],[0.         0.         0.35255915 ... 0.01153457 0.00629093 0.21286649]
13_137,13_137,data/cut_ugly_clothes_pair/13_137_E_.jpg,data/cut_ugly_clothes_pair/13_137_Q_.jpg,[0.         0.00192672 0.00831868 ... 0.         0.27252033 0.45192128],0,[0.         0.00192672 0.00831868 ... 0.01833334 0.35499474 0.21776323],[0.11109149 0.         0.6346478  ... 0.         0.27252033 0.45192128]
13_140,13_140,data/cut_ugly_clothes_pair/13_140_E_.jpg,data/cut_ugly_clothes_pair/13_140_Q_.jpg,[0.         0.00763884 0.0038753  ... 0.         0.         0.01568099],0,[0.         0.00763884 0.0038753  ... 0.00373858 0.         0.00955194],[0.12411718 0.         0.         ... 0.         0.         0.01568099]
13_141,13_141,data/cut_ugly_clothes_pair/13_141_E_.jpg,data/cut_ugly_clothes_pair/13_141_Q_.jpg,[0.         0.13564986 0.02225303 ... 0.01659385 0.00192483 0.03276884],0,[0.         0.13564986 0.02225303 ... 0.         0.         0.37642798],[0.8804881  0.         0.8296624  ... 0.01659385 0.00192483 0.03276884]
13_142,13_142,data/cut_ugly_clothes_pair/13_142_E_.jpg,data/cut_ugly_clothes_pair/13_142_Q_.jpg,[0.00559794 0.4297107  0.00742274 ... 0.00183482 0.12218183 0.17364551],0,[0.00559794 0.4297107  0.00742274 ... 0.         0.         0.18133259],[0.29453942 0.00452239 0.7156969  ... 0.00183482 0.12218183 0.17364551]
13_145,13_145,data/cut_ugly_clothes_pair/13_145_E_.jpg,data/cut_ugly_clothes_pair/13_145_Q_.jpg,[0.         0.08130788 0.27974904 ... 0.         0.00038385 0.33863062],0,[0.         0.08130788 0.27974904 ... 0.         0.14812726 0.5863291 ],[0.06154729 0.20110145 0.2649706  ... 0.         0.00038385 0.33863062]
13_1003,13_1003,data/cut_ugly_clothes_pair/13_1003_E_.jpg,data/cut_ugly_clothes_pair/13_1003_Q_.jpg,[0.         0.0008884  0.01482168 ... 0.02144531 0.05718751 0.00517925],0,[0.         0.0008884  0.01482168 ... 0.00866258 0.         0.13387673],[0.01508451 0.         0.110192   ... 0.02144531 0.05718751 0.00517925]
13_1004,13_1004,data/cut_ugly_clothes_pair/13_1004_E_.jpg,data/cut_ugly_clothes_pair/13_1004_Q_.jpg,[0.         0.30714226 0.         ... 0.         0.         0.        ],0,[0.         0.30714226 0.         ... 0.00146405 0.00058828 0.11599902],[0.17623839 0.         0.3220225  ... 0.         0.         0.        ]
13_1005,13_1005,data/cut_ugly_clothes_pair/13_1005_E_.jpg,data/cut_ugly_clothes_pair/13_1005_Q_.jpg,[0.42002517 0.00803026 0.00282606 ... 0.         0.         0.        ],0,[0.42002517 0.00803026 0.00282606 ... 0.         0.04717733 0.00413694],[0.1330765  0.         0.00578782 ... 0.         0.         0.        ]
13_1009,13_1009,data/cut_ugly_clothes_pair/13_1009_E_.jpg,data/cut_ugly_clothes_pair/13_1009_Q_.jpg,[0.         0.03539633 0.16626512 ... 0.02377114 0.         0.01525267],0,[0.         0.03539633 0.16626512 ... 0.         0.         0.00253351],[0.22409801 0.         0.20466885 ... 0.02377114 0.         0.01525267]
13_1010,13_1010,data/cut_ugly_clothes_pair/13_1010_E_.jpg,data/cut_ugly_clothes_pair/13_1010_Q_.jpg,[0.02070956 0.         0.         ... 0.         0.1131358  0.00065265],0,[0.02070956 0.         0.         ... 0.02561098 0.04955085 0.00219641],[0.         0.00451967 0.1315473  ... 0.         0.1131358  0.00065265]
13_1014,13_1014,data/cut_ugly_clothes_pair/13_1014_E_.jpg,data/cut_ugly_clothes_pair/13_1014_Q_.jpg,[0.02439258 0.08990797 0.21701366 ... 0.         0.         0.        ],0,[0.02439258 0.08990797 0.21701366 ... 0.         0.03798071 0.02202901],[0.18472968 0.         0.16705722 ... 0.         0.         0.        ]
13_1015,13_1015,data/cut_ugly_clothes_pair/13_1015_E_.jpg,data/cut_ugly_clothes_pair/13_1015_Q_.jpg,[0.         0.00195429 0.06859185 ... 0.         0.         0.        ],0,[0.         0.00195429 0.06859185 ... 0.         0.         0.22895539],[0.         0.0514574  0.11476114 ... 0.         0.         0.        ]
13_1016,13_1016,data/cut_ugly_clothes_pair/13_1016_E_.jpg,data/cut_ugly_clothes_pair/13_1016_Q_.jpg,[0.         0.         0.08521748 ... 0.         0.08900902 0.        ],0,[0.         0.         0.08521748 ... 0.         0.02872296 0.04953156],[0.         0.02304728 0.3182809  ... 0.         0.08900902 0.        ]
13_1017,13_1017,data/cut_ugly_clothes_pair/13_1017_E_.jpg,data/cut_ugly_clothes_pair/13_1017_Q_.jpg,[0.         0.         0.00641923 ... 0.01957149 0.00584185 0.0106456 ],0,[0.         0.         0.00641923 ... 0.22996306 0.02555727 0.00438319],[0.30356348 0.04008529 0.19439347 ... 0.01957149 0.00584185 0.0106456 ]
13_1020,13_1020,data/cut_ugly_clothes_pair/13_1020_E_.jpg,data/cut_ugly_clothes_pair/13_1020_Q_.jpg,[0.         0.02042068 0.05625837 ... 0.         0.048097   0.44315425],0,[0.         0.02042068 0.05625837 ... 0.34952626 0.         0.08813129],[0.04377104 0.         0.13528854 ... 0.         0.048097   0.44315425]
13_1021,13_1021,data/cut_ugly_clothes_pair/13_1021_E_.jpg,data/cut_ugly_clothes_pair/13_1021_Q_.jpg,[0.         0.         0.         ... 0.03793694 0.         0.13269344],0,[0.         0.         0.         ... 0.         0.         0.18728906],[0.07104302 0.01580205 0.16639303 ... 0.03793694 0.         0.13269344]
13_1022,13_1022,data/cut_ugly_clothes_pair/13_1022_E_.jpg,data/cut_ugly_clothes_pair/13_1022_Q_.jpg,[0.293497   0.         0.04413643 ... 0.         0.         0.        ],0,[0.293497   0.         0.04413643 ... 0.         0.         0.0097043 ],[0.16927785 0.         0.         ... 0.         0.         0.        ]
13_1024,13_1024,data/cut_ugly_clothes_pair/13_1024_E_.jpg,data/cut_ugly_clothes_pair/13_1024_Q_.jpg,[0.1581032  0.         0.01140208 ... 0.         0.         0.        ],0,[0.1581032  0.         0.01140208 ... 0.         0.01628777 0.        ],[0.08896485 0.         0.14294645 ... 0.         0.         0.        ]
13_1027,13_1027,data/cut_ugly_clothes_pair/13_1027_E_.jpg,data/cut_ugly_clothes_pair/13_1027_Q_.jpg,[0.         0.03506469 0.         ... 0.         0.         0.091891  ],0,[0.         0.03506469 0.         ... 0.         0.         0.2552535 ],[0.10191826 0.         0.7797135  ... 0.         0.         0.091891  ]
13_1028,13_1028,data/cut_ugly_clothes_pair/13_1028_E_.jpg,data/cut_ugly_clothes_pair/13_1028_Q_.jpg,[0.         0.         0.00378416 ... 0.02407262 0.09371818 0.00929963],0,[0.         0.         0.00378416 ... 0.08471619 0.         0.00729453],[0.         0.03447931 0.40982458 ... 0.02407262 0.09371818 0.00929963]
13_1029,13_1029,data/cut_ugly_clothes_pair/13_1029_E_.jpg,data/cut_ugly_clothes_pair/13_1029_Q_.jpg,[0.         0.         0.00457082 ... 0.         0.1100945  0.0630508 ],0,[0.         0.         0.00457082 ... 0.00415936 0.00675237 0.02702673],[0.        0.        0.9759361 ... 0.        0.1100945 0.0630508]
13_1032,13_1032,data/cut_ugly_clothes_pair/13_1032_E_.jpg,data/cut_ugly_clothes_pair/13_1032_Q_.jpg,[0.         0.         0.09784936 ... 0.         0.00397326 0.00473645],0,[0.         0.         0.09784936 ... 0.         0.257342   0.08680218],[0.00686142 0.         0.09127702 ... 0.         0.00397326 0.00473645]
13_1033,13_1033,data/cut_ugly_clothes_pair/13_1033_E_.jpg,data/cut_ugly_clothes_pair/13_1033_Q_.jpg,[0.         0.00850577 0.08240063 ... 0.         0.19419265 0.00414312],0,[0.         0.00850577 0.08240063 ... 0.08736124 0.         0.01365156],[0.         0.         0.07063846 ... 0.         0.19419265 0.00414312]
13_1034,13_1034,data/cut_ugly_clothes_pair/13_1034_E_.jpg,data/cut_ugly_clothes_pair/13_1034_Q_.jpg,[0.         0.00413196 0.04923278 ... 0.07246891 0.00538415 0.06584284],0,[0.         0.00413196 0.04923278 ... 0.23023254 0.         0.2614025 ],[0.         0.         0.23048338 ... 0.07246891 0.00538415 0.06584284]
13_1036,13_1036,data/cut_ugly_clothes_pair/13_1036_E_.jpg,data/cut_ugly_clothes_pair/13_1036_Q_.jpg,[0.         0.01939554 0.         ... 0.         0.07851643 0.13043867],0,[0.         0.01939554 0.         ... 0.         0.00043678 0.        ],[0.         0.23179032 0.14986387 ... 0.         0.07851643 0.13043867]
13_1037,13_1037,data/cut_ugly_clothes_pair/13_1037_E_.jpg,data/cut_ugly_clothes_pair/13_1037_Q_.jpg,[0.00800982 0.30824578 0.         ... 0.         0.32072347 0.11761189],0,[0.00800982 0.30824578 0.         ... 0.0230872  0.17525558 0.10711429],[0.0013964  0.         0.19796427 ... 0.         0.32072347 0.11761189]
13_1042,13_1042,data/cut_ugly_clothes_pair/13_1042_E_.jpg,data/cut_ugly_clothes_pair/13_1042_Q_.jpg,[0.04728997 0.00923484 0.47896284 ... 0.01450078 0.         0.01406387],0,[0.04728997 0.00923484 0.47896284 ... 0.         0.         0.00644273],[0.00133811 0.00085101 0.56516606 ... 0.01450078 0.         0.01406387]
13_1044,13_1044,data/cut_ugly_clothes_pair/13_1044_E_.jpg,data/cut_ugly_clothes_pair/13_1044_Q_.jpg,[0.         0.1343216  0.5056601  ... 0.         0.08409359 0.10764662],0,[0.         0.1343216  0.5056601  ... 0.0028846  0.00595358 0.26709408],[0.00109024 0.07228152 0.25384268 ... 0.         0.08409359 0.10764662]
13_1045,13_1045,data/cut_ugly_clothes_pair/13_1045_E_.jpg,data/cut_ugly_clothes_pair/13_1045_Q_.jpg,[0.         0.08164152 0.02106026 ... 0.         0.07276586 0.00688171],0,[0.         0.08164152 0.02106026 ... 0.00155321 0.02906482 0.04756979],[0.07186186 0.         0.47239283 ... 0.         0.07276586 0.00688171]
13_1046,13_1046,data/cut_ugly_clothes_pair/13_1046_E_.jpg,data/cut_ugly_clothes_pair/13_1046_Q_.jpg,[0.         0.04731845 0.0559993  ... 0.         0.07799255 0.06897755],0,[0.         0.04731845 0.0559993  ... 0.01991004 0.05775323 0.08421916],[0.         0.         0.22864524 ... 0.         0.07799255 0.06897755]
13_1048,13_1048,data/cut_ugly_clothes_pair/13_1048_E_.jpg,data/cut_ugly_clothes_pair/13_1048_Q_.jpg,[0.         0.         0.03715345 ... 0.         0.10265605 0.        ],0,[0.         0.         0.03715345 ... 0.04460751 0.020607   0.15329306],[0.00257739 0.         0.03298676 ... 0.         0.10265605 0.        ]
13_1050,13_1050,data/cut_ugly_clothes_pair/13_1050_E_.jpg,data/cut_ugly_clothes_pair/13_1050_Q_.jpg,[0.01235636 0.         0.         ... 0.         0.         0.00968508],0,[0.01235636 0.         0.         ... 0.         0.         0.19950058],[0.11684608 0.         0.696878   ... 0.         0.         0.00968508]
13_1052,13_1052,data/cut_ugly_clothes_pair/13_1052_E_.jpg,data/cut_ugly_clothes_pair/13_1052_Q_.jpg,[0.         0.00355448 0.16076945 ... 0.         0.         0.01261762],0,[0.         0.00355448 0.16076945 ... 0.         0.00066342 0.05290189],[0.00357053 0.         0.6984008  ... 0.         0.         0.01261762]
13_1053,13_1053,data/cut_ugly_clothes_pair/13_1053_E_.jpg,data/cut_ugly_clothes_pair/13_1053_Q_.jpg,[0.         0.05132997 0.         ... 0.         0.0646206  0.05775194],0,[0.         0.05132997 0.         ... 0.         0.         0.00845975],[0.00366797 0.         0.34325588 ... 0.         0.0646206  0.05775194]
13_1054,13_1054,data/cut_ugly_clothes_pair/13_1054_E_.jpg,data/cut_ugly_clothes_pair/13_1054_Q_.jpg,[0.         0.         0.00302598 ... 0.         0.00134218 0.09523827],0,[0.         0.         0.00302598 ... 0.         0.         0.        ],[0.32334223 0.         0.40841082 ... 0.         0.00134218 0.09523827]
13_1055,13_1055,data/cut_ugly_clothes_pair/13_1055_E_.jpg,data/cut_ugly_clothes_pair/13_1055_Q_.jpg,[0.02083747 0.         0.1637983  ... 0.         0.10095132 0.        ],0,[0.02083747 0.         0.1637983  ... 0.         0.         0.02469335],[0.03585652 0.00687554 0.36320046 ... 0.         0.10095132 0.        ]
13_1056,13_1056,data/cut_ugly_clothes_pair/13_1056_E_.jpg,data/cut_ugly_clothes_pair/13_1056_Q_.jpg,[0.01229641 0.         0.30095074 ... 0.01647178 0.04141759 0.        ],0,[0.01229641 0.         0.30095074 ... 0.         0.00414386 0.08053585],[0.21455948 0.         0.05057184 ... 0.01647178 0.04141759 0.        ]
13_1060,13_1060,data/cut_ugly_clothes_pair/13_1060_E_.jpg,data/cut_ugly_clothes_pair/13_1060_Q_.jpg,[0.         0.0237125  0.         ... 0.         0.10431676 0.00886765],0,[0.         0.0237125  0.         ... 0.03233843 0.02864401 0.02482669],[0.08033159 0.         0.27849376 ... 0.         0.10431676 0.00886765]
13_1063,13_1063,data/cut_ugly_clothes_pair/13_1063_E_.jpg,data/cut_ugly_clothes_pair/13_1063_Q_.jpg,[0.00661869 0.00154547 0.27446532 ... 0.         0.09169545 0.36433637],0,[0.00661869 0.00154547 0.27446532 ... 0.00946519 0.         0.07696621],[0.         0.00454549 0.04845598 ... 0.         0.09169545 0.36433637]
13_1065,13_1065,data/cut_ugly_clothes_pair/13_1065_E_.jpg,data/cut_ugly_clothes_pair/13_1065_Q_.jpg,[0.00194459 0.         0.37732095 ... 0.         0.         0.0539448 ],0,[0.00194459 0.         0.37732095 ... 0.         0.01130751 0.0199105 ],[0.04874758 0.         0.41086388 ... 0.         0.         0.0539448 ]
13_1067,13_1067,data/cut_ugly_clothes_pair/13_1067_E_.jpg,data/cut_ugly_clothes_pair/13_1067_Q_.jpg,[0.1538104  0.05124379 0.         ... 0.         0.10200147 0.29370302],0,[0.1538104  0.05124379 0.         ... 0.         0.         0.11565915],[0.         0.04837001 0.32290655 ... 0.         0.10200147 0.29370302]
13_1074,13_1074,data/cut_ugly_clothes_pair/13_1074_E_.jpg,data/cut_ugly_clothes_pair/13_1074_Q_.jpg,[0.         0.         0.04301544 ... 0.         0.09901307 0.0011244 ],0,[0.         0.         0.04301544 ... 0.         0.01525291 0.01872072],[0.1521389  0.         0.1070563  ... 0.         0.09901307 0.0011244 ]
13_1077,13_1077,data/cut_ugly_clothes_pair/13_1077_E_.jpg,data/cut_ugly_clothes_pair/13_1077_Q_.jpg,[0.         0.01972794 0.03980067 ... 0.0327048  0.09812313 0.00348387],0,[0.         0.01972794 0.03980067 ... 0.         0.         0.        ],[0.10992803 0.         0.6290255  ... 0.0327048  0.09812313 0.00348387]
13_1081,13_1081,data/cut_ugly_clothes_pair/13_1081_E_.jpg,data/cut_ugly_clothes_pair/13_1081_Q_.jpg,[0.01757352 0.0321545  0.33184594 ... 0.         0.036888   0.01323675],0,[0.01757352 0.0321545  0.33184594 ... 0.01225757 0.03679781 0.07734301],[0.01226279 0.         0.12870161 ... 0.         0.036888   0.01323675]
13_1082,13_1082,data/cut_ugly_clothes_pair/13_1082_E_.jpg,data/cut_ugly_clothes_pair/13_1082_Q_.jpg,[0.         0.         0.02367803 ... 0.         0.         0.        ],0,[0.         0.         0.02367803 ... 0.         0.         0.03547858],[0.         0.         0.01093247 ... 0.         0.         0.        ]
13_1083,13_1083,data/cut_ugly_clothes_pair/13_1083_E_.jpg,data/cut_ugly_clothes_pair/13_1083_Q_.jpg,[0.         0.03119473 0.08885282 ... 0.         0.         0.00440177],0,[0.         0.03119473 0.08885282 ... 0.         0.         0.06719629],[0.24056685 0.         0.15610991 ... 0.         0.         0.00440177]
13_1084,13_1084,data/cut_ugly_clothes_pair/13_1084_E_.jpg,data/cut_ugly_clothes_pair/13_1084_Q_.jpg,[0.01352993 0.         0.02231996 ... 0.         0.10624772 0.01106087],0,[0.01352993 0.         0.02231996 ... 0.         0.         0.03296242],[0.40917727 0.01801354 0.23428516 ... 0.         0.10624772 0.01106087]
13_1089,13_1089,data/cut_ugly_clothes_pair/13_1089_E_.jpg,data/cut_ugly_clothes_pair/13_1089_Q_.jpg,[0.         0.         0.         ... 0.         0.10760097 0.0382436 ],0,[0.         0.         0.         ... 0.07629943 0.00728802 0.00161247],[0.         0.00185545 0.05673597 ... 0.         0.10760097 0.0382436 ]
13_1091,13_1091,data/cut_ugly_clothes_pair/13_1091_E_.jpg,data/cut_ugly_clothes_pair/13_1091_Q_.jpg,[0.00332619 0.13764946 0.         ... 0.         0.08157943 0.11166291],0,[0.00332619 0.13764946 0.         ... 0.         0.03262412 0.00310875],[0.03410415 0.00800785 0.         ... 0.         0.08157943 0.11166291]
13_1093,13_1093,data/cut_ugly_clothes_pair/13_1093_E_.jpg,data/cut_ugly_clothes_pair/13_1093_Q_.jpg,[0.         0.2324858  0.04986529 ... 0.02145408 0.05123148 0.5496579 ],0,[0.         0.2324858  0.04986529 ... 0.         0.         0.00163298],[0.         0.         0.2730516  ... 0.02145408 0.05123148 0.5496579 ]
13_1095,13_1095,data/cut_ugly_clothes_pair/13_1095_E_.jpg,data/cut_ugly_clothes_pair/13_1095_Q_.jpg,[0.00698801 0.1219046  0.31850326 ... 0.07116929 0.         0.        ],0,[0.00698801 0.1219046  0.31850326 ... 0.         0.27267665 0.28698543],[0.3444417  0.04422842 0.5944814  ... 0.07116929 0.         0.        ]
13_1097,13_1097,data/cut_ugly_clothes_pair/13_1097_E_.jpg,data/cut_ugly_clothes_pair/13_1097_Q_.jpg,[0.         0.04513499 0.05808534 ... 0.         0.03245347 0.10380097],0,[0.         0.04513499 0.05808534 ... 0.         0.01861427 0.11604507],[0.0035469  0.         0.19177236 ... 0.         0.03245347 0.10380097]
13_1098,13_1098,data/cut_ugly_clothes_pair/13_1098_E_.jpg,data/cut_ugly_clothes_pair/13_1098_Q_.jpg,[0.         0.         0.0305217  ... 0.         0.00061398 0.03138021],0,[0.         0.         0.0305217  ... 0.04146753 0.01027911 0.06764665],[0.20199092 0.         0.01268389 ... 0.         0.00061398 0.03138021]
13_1102,13_1102,data/cut_ugly_clothes_pair/13_1102_E_.jpg,data/cut_ugly_clothes_pair/13_1102_Q_.jpg,[0.15260746 0.         0.         ... 0.         0.         0.        ],0,[0.15260746 0.         0.         ... 0.00860786 0.         0.00668049],[0.00648913 0.         0.09947977 ... 0.         0.         0.        ]
13_1104,13_1104,data/cut_ugly_clothes_pair/13_1104_E_.jpg,data/cut_ugly_clothes_pair/13_1104_Q_.jpg,[0.         0.00652699 0.         ... 0.01725383 0.1152693  0.        ],0,[0.         0.00652699 0.         ... 0.         0.03161693 0.2669457 ],[0.         0.         0.26622143 ... 0.01725383 0.1152693  0.        ]
13_1105,13_1105,data/cut_ugly_clothes_pair/13_1105_E_.jpg,data/cut_ugly_clothes_pair/13_1105_Q_.jpg,[0.         0.00049828 0.         ... 0.         0.00749072 0.15133289],0,[0.         0.00049828 0.         ... 0.         0.01066579 0.12628561],[0.         0.         0.04513351 ... 0.         0.00749072 0.15133289]
13_1107,13_1107,data/cut_ugly_clothes_pair/13_1107_E_.jpg,data/cut_ugly_clothes_pair/13_1107_Q_.jpg,[0.         0.03203969 0.05829498 ... 0.00188181 0.03895614 0.        ],0,[0.         0.03203969 0.05829498 ... 0.         0.         0.24540699],[0.03651021 0.00568928 0.11545725 ... 0.00188181 0.03895614 0.        ]
13_1108,13_1108,data/cut_ugly_clothes_pair/13_1108_E_.jpg,data/cut_ugly_clothes_pair/13_1108_Q_.jpg,[0.         0.05568269 0.         ... 0.         0.11224062 0.09041329],0,[0.         0.05568269 0.         ... 0.         0.         0.04166315],[0.46415305 0.17150174 0.         ... 0.         0.11224062 0.09041329]
13_1109,13_1109,data/cut_ugly_clothes_pair/13_1109_E_.jpg,data/cut_ugly_clothes_pair/13_1109_Q_.jpg,[0.         0.02667621 0.16473636 ... 0.         0.04298702 0.29560697],0,[0.         0.02667621 0.16473636 ... 0.         0.         0.3790443 ],[0.         0.04346366 0.07336972 ... 0.         0.04298702 0.29560697]
13_1113,13_1113,data/cut_ugly_clothes_pair/13_1113_E_.jpg,data/cut_ugly_clothes_pair/13_1113_Q_.jpg,[0.08353665 0.         0.46843794 ... 0.         0.11143234 0.        ],0,[0.08353665 0.         0.46843794 ... 0.00527863 0.         0.01426846],[0.06814918 0.         0.18903138 ... 0.         0.11143234 0.        ]
13_1114,13_1114,data/cut_ugly_clothes_pair/13_1114_E_.jpg,data/cut_ugly_clothes_pair/13_1114_Q_.jpg,[0.02325403 0.07387967 0.         ... 0.         0.03807416 0.06267756],0,[0.02325403 0.07387967 0.         ... 0.         0.00423013 0.04589226],"[9.9837780e-06 9.9796839e-03 3.2396826e-03 ... 0.0000000e+00 3.8074158e-02
 6.2677562e-02]"
13_1116,13_1116,data/cut_ugly_clothes_pair/13_1116_E_.jpg,data/cut_ugly_clothes_pair/13_1116_Q_.jpg,[0.00552103 0.         0.03361088 ... 0.         0.09175682 0.        ],0,[0.00552103 0.         0.03361088 ... 0.00073975 0.         0.45009196],[0.         0.         0.45208895 ... 0.         0.09175682 0.        ]
13_1117,13_1117,data/cut_ugly_clothes_pair/13_1117_E_.jpg,data/cut_ugly_clothes_pair/13_1117_Q_.jpg,[0.         0.         0.20004067 ... 0.         0.06981938 0.01885795],0,[0.         0.         0.20004067 ... 0.00561919 0.         0.11186963],[0.01466715 0.         0.         ... 0.         0.06981938 0.01885795]
13_1118,13_1118,data/cut_ugly_clothes_pair/13_1118_E_.jpg,data/cut_ugly_clothes_pair/13_1118_Q_.jpg,[0.         0.         0.12378283 ... 0.         0.00364957 0.        ],0,[0.         0.         0.12378283 ... 0.         0.00318368 0.0510973 ],"[4.5554891e-02 3.3450747e-04 7.4245787e-01 ... 0.0000000e+00 3.6495677e-03
 0.0000000e+00]"
13_1120,13_1120,data/cut_ugly_clothes_pair/13_1120_E_.jpg,data/cut_ugly_clothes_pair/13_1120_Q_.jpg,[0.         0.         0.0125457  ... 0.         0.08499593 0.0617769 ],0,[0.         0.         0.0125457  ... 0.         0.         0.03301988],[0.         0.         0.07405549 ... 0.         0.08499593 0.0617769 ]
13_1122,13_1122,data/cut_ugly_clothes_pair/13_1122_E_.jpg,data/cut_ugly_clothes_pair/13_1122_Q_.jpg,[0.01143697 0.         0.08056176 ... 0.         0.         0.05805263],0,[0.01143697 0.         0.08056176 ... 0.         0.         0.00283673],[0.05887191 0.05329873 0.03270405 ... 0.         0.         0.05805263]
13_1123,13_1123,data/cut_ugly_clothes_pair/13_1123_E_.jpg,data/cut_ugly_clothes_pair/13_1123_Q_.jpg,[0.         0.03227359 0.         ... 0.         0.         0.        ],0,[0.         0.03227359 0.         ... 0.         0.         0.00184874],[0.00424064 0.         0.23485962 ... 0.         0.         0.        ]
13_1124,13_1124,data/cut_ugly_clothes_pair/13_1124_E_.jpg,data/cut_ugly_clothes_pair/13_1124_Q_.jpg,[0.         0.02712715 0.14085826 ... 0.         0.24942836 0.        ],0,[0.         0.02712715 0.14085826 ... 0.         0.         0.22467543],[0.02322659 0.         0.08617081 ... 0.         0.24942836 0.        ]
13_1126,13_1126,data/cut_ugly_clothes_pair/13_1126_E_.jpg,data/cut_ugly_clothes_pair/13_1126_Q_.jpg,[0.02165979 0.         0.01893074 ... 0.00056177 0.04524092 0.        ],0,[0.02165979 0.         0.01893074 ... 0.         0.         0.00403643],[0.         0.         0.         ... 0.00056177 0.04524092 0.        ]
13_1127,13_1127,data/cut_ugly_clothes_pair/13_1127_E_.jpg,data/cut_ugly_clothes_pair/13_1127_Q_.jpg,[0.         0.         0.28524125 ... 0.         0.21737558 0.        ],0,[0.         0.         0.28524125 ... 0.01292904 0.         0.097456  ],[0.12072401 0.00204036 0.10976853 ... 0.         0.21737558 0.        ]
13_1130,13_1130,data/cut_ugly_clothes_pair/13_1130_E_.jpg,data/cut_ugly_clothes_pair/13_1130_Q_.jpg,[0.         0.         0.00603471 ... 0.         0.00291029 0.        ],0,[0.         0.         0.00603471 ... 0.         0.         0.27408147],[0.35370532 0.         1.1595832  ... 0.         0.00291029 0.        ]
13_1132,13_1132,data/cut_ugly_clothes_pair/13_1132_E_.jpg,data/cut_ugly_clothes_pair/13_1132_Q_.jpg,[0.00795466 0.         0.439755   ... 0.02710255 0.10615031 0.02745295],0,[0.00795466 0.         0.439755   ... 0.0069242  0.06040334 0.14186834],[0.0026742  0.00846394 0.26972088 ... 0.02710255 0.10615031 0.02745295]
13_1133,13_1133,data/cut_ugly_clothes_pair/13_1133_E_.jpg,data/cut_ugly_clothes_pair/13_1133_Q_.jpg,[0.         0.         0.02438624 ... 0.         0.04002834 0.        ],0,[0.         0.         0.02438624 ... 0.         0.         0.00095759],[0.         0.         0.47019386 ... 0.         0.04002834 0.        ]
13_1137,13_1137,data/cut_ugly_clothes_pair/13_1137_E_.jpg,data/cut_ugly_clothes_pair/13_1137_Q_.jpg,[0.         0.03531193 0.         ... 0.19415298 0.01053243 0.        ],0,[0.         0.03531193 0.         ... 0.01024823 0.         0.12135379],[0.         0.00410086 0.13109839 ... 0.19415298 0.01053243 0.        ]
13_1139,13_1139,data/cut_ugly_clothes_pair/13_1139_E_.jpg,data/cut_ugly_clothes_pair/13_1139_Q_.jpg,"[0.0000000e+00 4.1097403e-04 4.1423783e-01 ... 0.0000000e+00 0.0000000e+00
 6.2491614e-02]",0,"[0.0000000e+00 4.1097403e-04 4.1423783e-01 ... 0.0000000e+00 0.0000000e+00
 1.1882232e-02]",[0.02273311 0.00899852 0.0890139  ... 0.         0.         0.06249161]
13_1140,13_1140,data/cut_ugly_clothes_pair/13_1140_E_.jpg,data/cut_ugly_clothes_pair/13_1140_Q_.jpg,[0.         0.00337471 0.         ... 0.         0.04285628 0.        ],0,[0.         0.00337471 0.         ... 0.         0.         0.17870668],[0.16880965 0.01974599 0.49347806 ... 0.         0.04285628 0.        ]
13_1142,13_1142,data/cut_ugly_clothes_pair/13_1142_E_.jpg,data/cut_ugly_clothes_pair/13_1142_Q_.jpg,[0.03993301 0.00993018 0.12573484 ... 0.         0.         0.5433182 ],0,[0.03993301 0.00993018 0.12573484 ... 0.         0.         0.00342263],[0.         0.00055856 0.         ... 0.         0.         0.5433182 ]
13_1143,13_1143,data/cut_ugly_clothes_pair/13_1143_E_.jpg,data/cut_ugly_clothes_pair/13_1143_Q_.jpg,[0.         0.07626437 0.32369292 ... 0.         0.03446224 0.0014974 ],0,[0.         0.07626437 0.32369292 ... 0.         0.01016239 0.27698484],[0.03174762 0.         0.         ... 0.         0.03446224 0.0014974 ]
13_1145,13_1145,data/cut_ugly_clothes_pair/13_1145_E_.jpg,data/cut_ugly_clothes_pair/13_1145_Q_.jpg,[0.         0.00458785 0.         ... 0.         0.         0.00649354],0,[0.         0.00458785 0.         ... 0.         0.         0.01466794],[0.         0.         0.15291432 ... 0.         0.         0.00649354]
13_1147,13_1147,data/cut_ugly_clothes_pair/13_1147_E_.jpg,data/cut_ugly_clothes_pair/13_1147_Q_.jpg,[0.07350922 0.12324566 0.27678317 ... 0.         0.12061595 0.00927037],0,[0.07350922 0.12324566 0.27678317 ... 0.00658458 0.         0.45031488],"[1.5130715e-01 1.3274238e-04 1.3858304e+00 ... 0.0000000e+00 1.2061595e-01
 9.2703672e-03]"
13_1148,13_1148,data/cut_ugly_clothes_pair/13_1148_E_.jpg,data/cut_ugly_clothes_pair/13_1148_Q_.jpg,[0.         0.06003701 0.02071925 ... 0.         0.         0.02467636],0,[0.         0.06003701 0.02071925 ... 0.         0.         0.00838842],[0.01054482 0.00586698 0.18134202 ... 0.         0.         0.02467636]
13_1149,13_1149,data/cut_ugly_clothes_pair/13_1149_E_.jpg,data/cut_ugly_clothes_pair/13_1149_Q_.jpg,[0.         0.13297477 0.00727435 ... 0.         0.08869146 0.06336893],0,[0.         0.13297477 0.00727435 ... 0.         0.         0.00627595],[0.02409491 0.         0.         ... 0.         0.08869146 0.06336893]
13_1151,13_1151,data/cut_ugly_clothes_pair/13_1151_E_.jpg,data/cut_ugly_clothes_pair/13_1151_Q_.jpg,[0.         0.08785784 0.0816786  ... 0.         0.08775607 0.04613889],0,[0.         0.08785784 0.0816786  ... 0.         0.         0.51340556],[0.06922043 0.00038368 0.14752707 ... 0.         0.08775607 0.04613889]
13_1152,13_1152,data/cut_ugly_clothes_pair/13_1152_E_.jpg,data/cut_ugly_clothes_pair/13_1152_Q_.jpg,[0.         0.01684033 0.12941773 ... 0.03819441 0.11750967 0.00235698],0,[0.         0.01684033 0.12941773 ... 0.         0.         0.28300077],[0.         0.         0.2385488  ... 0.03819441 0.11750967 0.00235698]
13_1154,13_1154,data/cut_ugly_clothes_pair/13_1154_E_.jpg,data/cut_ugly_clothes_pair/13_1154_Q_.jpg,[0.32682356 0.16347201 0.08531704 ... 0.         0.         0.27132168],0,[0.32682356 0.16347201 0.08531704 ... 0.00240233 0.         0.05703564],[0.12610586 0.         1.032975   ... 0.         0.         0.27132168]
13_1155,13_1155,data/cut_ugly_clothes_pair/13_1155_E_.jpg,data/cut_ugly_clothes_pair/13_1155_Q_.jpg,[0.         0.         0.04982096 ... 0.         0.10587995 0.        ],0,[0.         0.         0.04982096 ... 0.         0.00739455 0.23156133],[0.         0.007317   0.         ... 0.         0.10587995 0.        ]
13_1156,13_1156,data/cut_ugly_clothes_pair/13_1156_E_.jpg,data/cut_ugly_clothes_pair/13_1156_Q_.jpg,[0.00554069 0.01158222 0.2004861  ... 0.02823653 0.         0.08440647],0,[0.00554069 0.01158222 0.2004861  ... 0.         0.03615629 0.04742957],[0.         0.         0.         ... 0.02823653 0.         0.08440647]
13_1159,13_1159,data/cut_ugly_clothes_pair/13_1159_E_.jpg,data/cut_ugly_clothes_pair/13_1159_Q_.jpg,[0.06398448 0.04611197 0.2286484  ... 0.00144365 0.07649884 0.        ],0,[0.06398448 0.04611197 0.2286484  ... 0.00812314 0.01238429 0.28439358],[0.0131295  0.00648783 0.25000042 ... 0.00144365 0.07649884 0.        ]
13_1161,13_1161,data/cut_ugly_clothes_pair/13_1161_E_.jpg,data/cut_ugly_clothes_pair/13_1161_Q_.jpg,[0.         0.         0.01426809 ... 0.         0.10571547 0.        ],0,[0.         0.         0.01426809 ... 0.         0.00509479 0.44622782],[0.         0.         0.15414256 ... 0.         0.10571547 0.        ]
13_1162,13_1162,data/cut_ugly_clothes_pair/13_1162_E_.jpg,data/cut_ugly_clothes_pair/13_1162_Q_.jpg,[0.         0.00539876 0.01481435 ... 0.         0.00637642 0.04845319],0,[0.         0.00539876 0.01481435 ... 0.         0.         0.23007654],[0.         0.001772   0.2342337  ... 0.         0.00637642 0.04845319]
13_1163,13_1163,data/cut_ugly_clothes_pair/13_1163_E_.jpg,data/cut_ugly_clothes_pair/13_1163_Q_.jpg,[0.09550522 0.01809448 0.2549115  ... 0.         0.04803727 0.        ],0,[0.09550522 0.01809448 0.2549115  ... 0.         0.         0.14088994],[0.6156849  0.         1.2926708  ... 0.         0.04803727 0.        ]
13_1164,13_1164,data/cut_ugly_clothes_pair/13_1164_E_.jpg,data/cut_ugly_clothes_pair/13_1164_Q_.jpg,[0.         0.         0.         ... 0.         0.05694566 0.        ],0,[0.         0.         0.         ... 0.         0.         0.00422897],[0.         0.         0.         ... 0.         0.05694566 0.        ]
13_1165,13_1165,data/cut_ugly_clothes_pair/13_1165_E_.jpg,data/cut_ugly_clothes_pair/13_1165_Q_.jpg,[0.         0.00455973 0.10432357 ... 0.         0.         0.12946348],0,[0.         0.00455973 0.10432357 ... 0.         0.         0.00345613],[0.         0.         0.6914277  ... 0.         0.         0.12946348]
13_1170,13_1170,data/cut_ugly_clothes_pair/13_1170_E_.jpg,data/cut_ugly_clothes_pair/13_1170_Q_.jpg,[0. 0. 0. ... 0. 0. 0.],0,[0.         0.         0.         ... 0.         0.         0.02250239],[0.        0.0035514 0.        ... 0.        0.        0.       ]
13_1171,13_1171,data/cut_ugly_clothes_pair/13_1171_E_.jpg,data/cut_ugly_clothes_pair/13_1171_Q_.jpg,[0.         0.00539532 0.0413831  ... 0.         0.         0.        ],0,[0.         0.00539532 0.0413831  ... 0.         0.         0.01106031],[0.         0.00453749 0.03319985 ... 0.         0.         0.        ]
13_1173,13_1173,data/cut_ugly_clothes_pair/13_1173_E_.jpg,data/cut_ugly_clothes_pair/13_1173_Q_.jpg,[0.02947741 0.         0.7094635  ... 0.00116462 0.18988788 0.03640289],0,[0.02947741 0.         0.7094635  ... 0.00501722 0.06498714 0.19484565],[0.         0.01917411 0.00632408 ... 0.00116462 0.18988788 0.03640289]
13_1174,13_1174,data/cut_ugly_clothes_pair/13_1174_E_.jpg,data/cut_ugly_clothes_pair/13_1174_Q_.jpg,[0.02592268 0.01467851 0.07246657 ... 0.02196006 0.03060494 0.02703735],0,[0.02592268 0.01467851 0.07246657 ... 0.         0.08715843 0.13763645],[0.24685739 0.         0.02912923 ... 0.02196006 0.03060494 0.02703735]
13_1178,13_1178,data/cut_ugly_clothes_pair/13_1178_E_.jpg,data/cut_ugly_clothes_pair/13_1178_Q_.jpg,[0.         0.         0.55856466 ... 0.12235306 0.03447891 0.1627088 ],0,[0.         0.         0.55856466 ... 0.00618645 0.         0.33306745],[0.         0.         0.05868912 ... 0.12235306 0.03447891 0.1627088 ]
13_1179,13_1179,data/cut_ugly_clothes_pair/13_1179_E_.jpg,data/cut_ugly_clothes_pair/13_1179_Q_.jpg,[0.         0.10759968 0.13717516 ... 0.         0.04093936 0.25363782],0,[0.         0.10759968 0.13717516 ... 0.         0.         0.42327645],[0.01440543 0.         0.04866605 ... 0.         0.04093936 0.25363782]
13_1183,13_1183,data/cut_ugly_clothes_pair/13_1183_E_.jpg,data/cut_ugly_clothes_pair/13_1183_Q_.jpg,[0.         0.02977816 0.         ... 0.         0.07763358 0.01854102],0,[0.         0.02977816 0.         ... 0.         0.06808721 0.10417967],[0.         0.         0.06025553 ... 0.         0.07763358 0.01854102]
13_1184,13_1184,data/cut_ugly_clothes_pair/13_1184_E_.jpg,data/cut_ugly_clothes_pair/13_1184_Q_.jpg,[0.00221227 0.00182618 0.17934915 ... 0.01403341 0.31937143 0.05323736],0,[0.00221227 0.00182618 0.17934915 ... 0.00587893 0.22223309 0.17822355],[0.         0.         0.2684008  ... 0.01403341 0.31937143 0.05323736]
13_1185,13_1185,data/cut_ugly_clothes_pair/13_1185_E_.jpg,data/cut_ugly_clothes_pair/13_1185_Q_.jpg,[0.         0.         0.21132243 ... 0.         0.06622069 0.0861015 ],0,[0.         0.         0.21132243 ... 0.02572609 0.         0.5010994 ],[0.03988015 0.         0.10149872 ... 0.         0.06622069 0.0861015 ]
13_1187,13_1187,data/cut_ugly_clothes_pair/13_1187_E_.jpg,data/cut_ugly_clothes_pair/13_1187_Q_.jpg,[0.         0.07457659 0.04773512 ... 0.         0.00953242 0.        ],0,[0.         0.07457659 0.04773512 ... 0.         0.         0.2570988 ],[0.0406447  0.         0.27385288 ... 0.         0.00953242 0.        ]
13_1188,13_1188,data/cut_ugly_clothes_pair/13_1188_E_.jpg,data/cut_ugly_clothes_pair/13_1188_Q_.jpg,[0. 0. 0. ... 0. 0. 0.],0,[0.         0.         0.         ... 0.         0.         0.05767008],[0.06847448 0.         0.28477696 ... 0.         0.         0.        ]
13_1189,13_1189,data/cut_ugly_clothes_pair/13_1189_E_.jpg,data/cut_ugly_clothes_pair/13_1189_Q_.jpg,[0.00320183 0.00101678 0.09818278 ... 0.         0.01322511 0.02317808],0,[0.00320183 0.00101678 0.09818278 ... 0.2023847  0.         0.20368546],[0.         0.04591152 0.         ... 0.         0.01322511 0.02317808]
13_1190,13_1190,data/cut_ugly_clothes_pair/13_1190_E_.jpg,data/cut_ugly_clothes_pair/13_1190_Q_.jpg,[0.         0.04703267 0.03953084 ... 0.01294708 0.0058065  0.03320876],0,[0.         0.04703267 0.03953084 ... 0.         0.2679148  0.30284184],[0.         0.         0.16181667 ... 0.01294708 0.0058065  0.03320876]
13_1192,13_1192,data/cut_ugly_clothes_pair/13_1192_E_.jpg,data/cut_ugly_clothes_pair/13_1192_Q_.jpg,[0. 0. 0. ... 0. 0. 0.],0,[0.         0.         0.         ... 0.         0.00510508 0.0830273 ],[0.00348927 0.         0.01894839 ... 0.         0.         0.        ]
13_1193,13_1193,data/cut_ugly_clothes_pair/13_1193_E_.jpg,data/cut_ugly_clothes_pair/13_1193_Q_.jpg,[0.         0.10436014 0.         ... 0.01374578 0.         0.09403352],0,[0.         0.10436014 0.         ... 0.         0.         0.01614015],[0.01829971 0.02412482 0.13487364 ... 0.01374578 0.         0.09403352]
13_1194,13_1194,data/cut_ugly_clothes_pair/13_1194_E_.jpg,data/cut_ugly_clothes_pair/13_1194_Q_.jpg,[0.04261475 0.00700741 0.00603232 ... 0.01490328 0.10635752 0.01708568],0,[0.04261475 0.00700741 0.00603232 ... 0.004218   0.01167986 0.40627468],[0.         0.         0.09896444 ... 0.01490328 0.10635752 0.01708568]
13_1197,13_1197,data/cut_ugly_clothes_pair/13_1197_E_.jpg,data/cut_ugly_clothes_pair/13_1197_Q_.jpg,[0.22404544 0.00481512 0.07328129 ... 0.01064086 0.         0.0384541 ],0,[0.22404544 0.00481512 0.07328129 ... 0.00122962 0.         0.24132256],[0.17820029 0.         0.03730477 ... 0.01064086 0.         0.0384541 ]
13_1198,13_1198,data/cut_ugly_clothes_pair/13_1198_E_.jpg,data/cut_ugly_clothes_pair/13_1198_Q_.jpg,[0.         0.00167156 0.10337525 ... 0.         0.06070055 0.23870476],0,[0.         0.00167156 0.10337525 ... 0.         0.         0.5091252 ],[0.         0.07623576 0.11331274 ... 0.         0.06070055 0.23870476]
13_1202,13_1202,data/cut_ugly_clothes_pair/13_1202_E_.jpg,data/cut_ugly_clothes_pair/13_1202_Q_.jpg,[0.         0.00418332 0.34695056 ... 0.         0.         0.00771402],0,[0.         0.00418332 0.34695056 ... 0.         0.         0.40276086],[0.         0.         0.07226031 ... 0.         0.         0.00771402]
13_1203,13_1203,data/cut_ugly_clothes_pair/13_1203_E_.jpg,data/cut_ugly_clothes_pair/13_1203_Q_.jpg,[0.         0.02382593 0.05702995 ... 0.140846   0.09161538 0.02912133],0,[0.         0.02382593 0.05702995 ... 0.         0.00590686 0.1618781 ],[0.12463188 0.02433494 0.6334558  ... 0.140846   0.09161538 0.02912133]
13_1205,13_1205,data/cut_ugly_clothes_pair/13_1205_E_.jpg,data/cut_ugly_clothes_pair/13_1205_Q_.jpg,[0.         0.         0.15372305 ... 0.0528684  0.05729944 0.07443467],0,[0.         0.         0.15372305 ... 0.00141141 0.10981939 0.5554036 ],[0.01531992 0.00989075 0.00997912 ... 0.0528684  0.05729944 0.07443467]
13_1206,13_1206,data/cut_ugly_clothes_pair/13_1206_E_.jpg,data/cut_ugly_clothes_pair/13_1206_Q_.jpg,[0.         0.03074743 0.05733934 ... 0.02290139 0.         0.00594748],0,[0.         0.03074743 0.05733934 ... 0.02314489 0.02133517 0.02773813],[0.27153984 0.         0.04964123 ... 0.02290139 0.         0.00594748]
13_1211,13_1211,data/cut_ugly_clothes_pair/13_1211_E_.jpg,data/cut_ugly_clothes_pair/13_1211_Q_.jpg,[0.         0.         0.21132243 ... 0.         0.06622069 0.0861015 ],0,[0.         0.         0.21132243 ... 0.02572609 0.         0.5010994 ],[0.03988015 0.         0.10149872 ... 0.         0.06622069 0.0861015 ]
13_1212,13_1212,data/cut_ugly_clothes_pair/13_1212_E_.jpg,data/cut_ugly_clothes_pair/13_1212_Q_.jpg,[0.         0.         0.         ... 0.         0.09418633 0.        ],0,[0.         0.         0.         ... 0.         0.         0.19443983],"[0.0000000e+00 3.3805106e-04 6.9577640e-01 ... 0.0000000e+00 9.4186328e-02
 0.0000000e+00]"
13_1214,13_1214,data/cut_ugly_clothes_pair/13_1214_E_.jpg,data/cut_ugly_clothes_pair/13_1214_Q_.jpg,[0.         0.         0.9085406  ... 0.         0.06000802 0.00272871],0,[0.         0.         0.9085406  ... 0.         0.         0.12509575],[0.         0.         0.01502798 ... 0.         0.06000802 0.00272871]
13_1216,13_1216,data/cut_ugly_clothes_pair/13_1216_E_.jpg,data/cut_ugly_clothes_pair/13_1216_Q_.jpg,[0.         0.0319138  0.03373637 ... 0.         0.02808407 0.2509805 ],0,[0.         0.0319138  0.03373637 ... 0.         0.01853743 0.1263767 ],[0.00166882 0.00551024 0.28763238 ... 0.         0.02808407 0.2509805 ]
13_1217,13_1217,data/cut_ugly_clothes_pair/13_1217_E_.jpg,data/cut_ugly_clothes_pair/13_1217_Q_.jpg,[0.         0.18063386 0.         ... 0.         0.         0.02080448],0,[0.         0.18063386 0.         ... 0.         0.00331168 0.06352948],[0.03354647 0.         0.6631851  ... 0.         0.         0.02080448]
13_1219,13_1219,data/cut_ugly_clothes_pair/13_1219_E_.jpg,data/cut_ugly_clothes_pair/13_1219_Q_.jpg,[0.06669248 0.         0.18996164 ... 0.0474374  0.00928042 0.        ],0,"[6.6692479e-02 0.0000000e+00 1.8996164e-01 ... 0.0000000e+00 2.2346323e-05
 3.0228100e-03]",[0.01902236 0.         0.47090808 ... 0.0474374  0.00928042 0.        ]
13_1220,13_1220,data/cut_ugly_clothes_pair/13_1220_E_.jpg,data/cut_ugly_clothes_pair/13_1220_Q_.jpg,[0.01526775 0.02429124 0.         ... 0.0443078  0.01441329 0.        ],0,[0.01526775 0.02429124 0.         ... 0.         0.         0.14755937],[0.07086875 0.         0.34768552 ... 0.0443078  0.01441329 0.        ]
13_1221,13_1221,data/cut_ugly_clothes_pair/13_1221_E_.jpg,data/cut_ugly_clothes_pair/13_1221_Q_.jpg,"[0.0000000e+00 5.4391354e-02 3.5047039e-02 ... 7.9035286e-05 7.0603915e-02
 0.0000000e+00]",0,[0.         0.05439135 0.03504704 ... 0.         0.         0.18581961],"[0.0000000e+00 0.0000000e+00 7.8442665e-03 ... 7.9035286e-05 7.0603915e-02
 0.0000000e+00]"
13_1223,13_1223,data/cut_ugly_clothes_pair/13_1223_E_.jpg,data/cut_ugly_clothes_pair/13_1223_Q_.jpg,[0.       0.       0.       ... 0.       0.       0.000918],0,[0.         0.         0.         ... 0.         0.         0.09142968],[0.2551328  0.         0.00640061 ... 0.         0.         0.000918  ]
13_1224,13_1224,data/cut_ugly_clothes_pair/13_1224_E_.jpg,data/cut_ugly_clothes_pair/13_1224_Q_.jpg,[0.01709525 0.03518063 0.00351635 ... 0.         0.1028956  0.        ],0,[0.01709525 0.03518063 0.00351635 ... 0.         0.         0.        ],"[6.0583733e-02 2.9512814e-05 1.9595459e-01 ... 0.0000000e+00 1.0289560e-01
 0.0000000e+00]"
13_1226,13_1226,data/cut_ugly_clothes_pair/13_1226_E_.jpg,data/cut_ugly_clothes_pair/13_1226_Q_.jpg,[0.         0.03015218 0.06838194 ... 0.1168787  0.00137719 0.        ],0,[0.         0.03015218 0.06838194 ... 0.         0.05350571 0.        ],[0.05539354 0.         0.8833493  ... 0.1168787  0.00137719 0.        ]
13_1228,13_1228,data/cut_ugly_clothes_pair/13_1228_E_.jpg,data/cut_ugly_clothes_pair/13_1228_Q_.jpg,[0.         0.01872517 0.         ... 0.         0.23483934 0.00150968],0,[0.         0.01872517 0.         ... 0.         0.0095771  0.01134526],[0.04165741 0.01291073 0.11267871 ... 0.         0.23483934 0.00150968]
13_1229,13_1229,data/cut_ugly_clothes_pair/13_1229_E_.jpg,data/cut_ugly_clothes_pair/13_1229_Q_.jpg,[0.01647152 0.         0.15587299 ... 0.         0.         0.09361575],0,[0.01647152 0.         0.15587299 ... 0.01456779 0.00920495 0.03890395],[0.0049041  0.         0.         ... 0.         0.         0.09361575]
13_1231,13_1231,data/cut_ugly_clothes_pair/13_1231_E_.jpg,data/cut_ugly_clothes_pair/13_1231_Q_.jpg,[0.         0.00435473 0.2892139  ... 0.         0.         0.05133186],0,[0.         0.00435473 0.2892139  ... 0.         0.         0.1781262 ],[0.37336212 0.         0.35427892 ... 0.         0.         0.05133186]
13_1233,13_1233,data/cut_ugly_clothes_pair/13_1233_E_.jpg,data/cut_ugly_clothes_pair/13_1233_Q_.jpg,[0.01624708 0.05140541 0.58596826 ... 0.         0.04977079 0.08868837],0,[0.01624708 0.05140541 0.58596826 ... 0.0041926  0.0134285  0.04827844],[0.0594337  0.         0.20977151 ... 0.         0.04977079 0.08868837]
13_1234,13_1234,data/cut_ugly_clothes_pair/13_1234_E_.jpg,data/cut_ugly_clothes_pair/13_1234_Q_.jpg,[0.         0.05838379 0.10708933 ... 0.01129227 0.         0.        ],0,[0.         0.05838379 0.10708933 ... 0.         0.00846357 0.02562832],[0.         0.         0.         ... 0.01129227 0.         0.        ]
13_1235,13_1235,data/cut_ugly_clothes_pair/13_1235_E_.jpg,data/cut_ugly_clothes_pair/13_1235_Q_.jpg,[0.         0.00891317 0.26090848 ... 0.02083554 0.05338993 0.09729479],0,[0.         0.00891317 0.26090848 ... 0.02167313 0.00097805 0.11592605],[0.01893837 0.03361428 0.02484808 ... 0.02083554 0.05338993 0.09729479]
13_1236,13_1236,data/cut_ugly_clothes_pair/13_1236_E_.jpg,data/cut_ugly_clothes_pair/13_1236_Q_.jpg,[0.         0.         0.20262128 ... 0.         0.00356365 0.00313391],0,[0.         0.         0.20262128 ... 0.         0.01151548 0.        ],[0.         0.         0.06681809 ... 0.         0.00356365 0.00313391]
13_1237,13_1237,data/cut_ugly_clothes_pair/13_1237_E_.jpg,data/cut_ugly_clothes_pair/13_1237_Q_.jpg,[0.00196393 0.04568018 0.00671634 ... 0.         0.05706017 0.41442952],0,[0.00196393 0.04568018 0.00671634 ... 0.         0.038113   0.42181882],[0.         0.0362801  0.         ... 0.         0.05706017 0.41442952]
13_1240,13_1240,data/cut_ugly_clothes_pair/13_1240_E_.jpg,data/cut_ugly_clothes_pair/13_1240_Q_.jpg,[0.        0.        0.3162402 ... 0.        0.        0.       ],0,[0.         0.         0.3162402  ... 0.         0.00235736 1.1445287 ],[0. 0. 0. ... 0. 0. 0.]
13_1242,13_1242,data/cut_ugly_clothes_pair/13_1242_E_.jpg,data/cut_ugly_clothes_pair/13_1242_Q_.jpg,[0.00026536 0.         0.07781629 ... 0.00692191 0.         0.        ],0,[0.00026536 0.         0.07781629 ... 0.01657194 0.         0.06698459],[0.07615847 0.         0.2739473  ... 0.00692191 0.         0.        ]
13_1243,13_1243,data/cut_ugly_clothes_pair/13_1243_E_.jpg,data/cut_ugly_clothes_pair/13_1243_Q_.jpg,[0.         0.         0.09310623 ... 0.         0.10560805 0.        ],0,[0.         0.         0.09310623 ... 0.00167009 0.         0.2676372 ],[0.00123665 0.         0.00921111 ... 0.         0.10560805 0.        ]
13_1244,13_1244,data/cut_ugly_clothes_pair/13_1244_E_.jpg,data/cut_ugly_clothes_pair/13_1244_Q_.jpg,[0.         0.01470777 0.04647563 ... 0.         0.         0.00110078],0,[0.         0.01470777 0.04647563 ... 0.01296422 0.         0.00930263],[0.67118114 0.02354246 0.5439592  ... 0.         0.         0.00110078]
13_1246,13_1246,data/cut_ugly_clothes_pair/13_1246_E_.jpg,data/cut_ugly_clothes_pair/13_1246_Q_.jpg,[0.         0.         0.00290895 ... 0.         0.         0.2590472 ],0,[0.         0.         0.00290895 ... 0.         0.         0.04140005],[0.         0.         0.00731817 ... 0.         0.         0.2590472 ]
13_1247,13_1247,data/cut_ugly_clothes_pair/13_1247_E_.jpg,data/cut_ugly_clothes_pair/13_1247_Q_.jpg,[0.         0.26257887 0.04024325 ... 0.01477173 0.00848869 0.00440617],0,[0.         0.26257887 0.04024325 ... 0.         0.18665837 0.5082055 ],[0.01395676 0.00583733 0.16648428 ... 0.01477173 0.00848869 0.00440617]
13_1249,13_1249,data/cut_ugly_clothes_pair/13_1249_E_.jpg,data/cut_ugly_clothes_pair/13_1249_Q_.jpg,[0.         0.         0.17828164 ... 0.         0.         0.0047127 ],0,[0.         0.         0.17828164 ... 0.         0.         0.02875466],[0.        0.        0.        ... 0.        0.        0.0047127]
13_1250,13_1250,data/cut_ugly_clothes_pair/13_1250_E_.jpg,data/cut_ugly_clothes_pair/13_1250_Q_.jpg,[0.02389425 0.         0.07542209 ... 0.         0.09647838 0.        ],0,[0.02389425 0.         0.07542209 ... 0.         0.03831247 0.1318309 ],[0.08461791 0.00980426 0.6750299  ... 0.         0.09647838 0.        ]
13_1253,13_1253,data/cut_ugly_clothes_pair/13_1253_E_.jpg,data/cut_ugly_clothes_pair/13_1253_Q_.jpg,[0.01381499 0.8767044  0.         ... 0.00606277 0.         0.01470945],0,[0.01381499 0.8767044  0.         ... 0.00826918 0.         0.07837085],[0.         0.01684779 0.02613599 ... 0.00606277 0.         0.01470945]
13_1257,13_1257,data/cut_ugly_clothes_pair/13_1257_E_.jpg,data/cut_ugly_clothes_pair/13_1257_Q_.jpg,[0.00172919 0.0052828  0.01442283 ... 0.         0.05722397 0.        ],0,[0.00172919 0.0052828  0.01442283 ... 0.         0.         0.05603669],[0.00616344 0.         0.00523658 ... 0.         0.05722397 0.        ]
13_1259,13_1259,data/cut_ugly_clothes_pair/13_1259_E_.jpg,data/cut_ugly_clothes_pair/13_1259_Q_.jpg,[0.         0.0870911  0.00863695 ... 0.         0.08677039 0.23693073],0,[0.         0.0870911  0.00863695 ... 0.00540987 0.0265807  0.24204567],[0.03110914 0.010502   0.00407959 ... 0.         0.08677039 0.23693073]
13_1262,13_1262,data/cut_ugly_clothes_pair/13_1262_E_.jpg,data/cut_ugly_clothes_pair/13_1262_Q_.jpg,[0.04261475 0.00700741 0.00603232 ... 0.01490328 0.10635752 0.01708568],0,[0.04261475 0.00700741 0.00603232 ... 0.004218   0.01167986 0.40627468],[0.         0.         0.09896444 ... 0.01490328 0.10635752 0.01708568]
13_1263,13_1263,data/cut_ugly_clothes_pair/13_1263_E_.jpg,data/cut_ugly_clothes_pair/13_1263_Q_.jpg,[0.         0.04015476 0.         ... 0.         0.08918142 0.        ],0,[0.         0.04015476 0.         ... 0.         0.         0.14786564],[0.         0.00016742 0.10360098 ... 0.         0.08918142 0.        ]
13_1264,13_1264,data/cut_ugly_clothes_pair/13_1264_E_.jpg,data/cut_ugly_clothes_pair/13_1264_Q_.jpg,[0.01284169 0.         0.         ... 0.00157298 0.         0.16891031],0,[0.01284169 0.         0.         ... 0.         0.         0.00975396],[0.13780342 0.01295285 0.11641695 ... 0.00157298 0.         0.16891031]
13_1265,13_1265,data/cut_ugly_clothes_pair/13_1265_E_.jpg,data/cut_ugly_clothes_pair/13_1265_Q_.jpg,[0.11294322 0.         0.04317082 ... 0.         0.05470266 0.00234272],0,[0.11294322 0.         0.04317082 ... 0.00338657 0.         0.17362033],[0.00736724 0.00222633 0.06555436 ... 0.         0.05470266 0.00234272]
13_1266,13_1266,data/cut_ugly_clothes_pair/13_1266_E_.jpg,data/cut_ugly_clothes_pair/13_1266_Q_.jpg,[0.01975485 0.12140179 0.06013941 ... 0.         0.01494728 0.01517719],0,[0.01975485 0.12140179 0.06013941 ... 0.01143019 0.00655455 0.07414564],[0.00631835 0.00233594 0.23736319 ... 0.         0.01494728 0.01517719]
13_1267,13_1267,data/cut_ugly_clothes_pair/13_1267_E_.jpg,data/cut_ugly_clothes_pair/13_1267_Q_.jpg,[0.         0.00087794 0.09806179 ... 0.         0.07049186 0.15010025],0,[0.         0.00087794 0.09806179 ... 0.         0.         0.00066493],[0.         0.         0.05909281 ... 0.         0.07049186 0.15010025]
13_1270,13_1270,data/cut_ugly_clothes_pair/13_1270_E_.jpg,data/cut_ugly_clothes_pair/13_1270_Q_.jpg,[0.         0.05196827 0.01012849 ... 0.00320063 0.05593275 0.        ],0,[0.         0.05196827 0.01012849 ... 0.         0.00396153 0.02026604],[0.         0.03345065 0.04475729 ... 0.00320063 0.05593275 0.        ]
13_1271,13_1271,data/cut_ugly_clothes_pair/13_1271_E_.jpg,data/cut_ugly_clothes_pair/13_1271_Q_.jpg,[0.         0.0045127  0.48541334 ... 0.         0.         0.        ],0,[0.         0.0045127  0.48541334 ... 0.0529761  0.         0.01280689],[0.7490165  0.         0.29926932 ... 0.         0.         0.        ]
13_1272,13_1272,data/cut_ugly_clothes_pair/13_1272_E_.jpg,data/cut_ugly_clothes_pair/13_1272_Q_.jpg,[0.         0.         0.10579463 ... 0.0077914  0.         0.00023963],0,[0.         0.         0.10579463 ... 0.01084987 0.         0.11989307],[0.         0.         0.02189967 ... 0.0077914  0.         0.00023963]
13_1273,13_1273,data/cut_ugly_clothes_pair/13_1273_E_.jpg,data/cut_ugly_clothes_pair/13_1273_Q_.jpg,[0.00808861 0.00458633 0.0164547  ... 0.         0.         0.04637232],0,[0.00808861 0.00458633 0.0164547  ... 0.02825698 0.0182583  0.02867282],[0.02171955 0.         0.         ... 0.         0.         0.04637232]
13_1275,13_1275,data/cut_ugly_clothes_pair/13_1275_E_.jpg,data/cut_ugly_clothes_pair/13_1275_Q_.jpg,[0.         0.00459508 0.27602887 ... 0.         0.         0.00308024],0,[0.         0.00459508 0.27602887 ... 0.         0.01944594 0.09692062],[0.         0.         0.01228731 ... 0.         0.         0.00308024]
13_1279,13_1279,data/cut_ugly_clothes_pair/13_1279_E_.jpg,data/cut_ugly_clothes_pair/13_1279_Q_.jpg,[0.         0.01583502 0.         ... 0.00124589 0.02516635 0.02861602],0,[0.         0.01583502 0.         ... 0.00279965 0.         0.10357884],[0.         0.         0.6557939  ... 0.00124589 0.02516635 0.02861602]
13_1282,13_1282,data/cut_ugly_clothes_pair/13_1282_E_.jpg,data/cut_ugly_clothes_pair/13_1282_Q_.jpg,[0.         0.07028915 0.1031169  ... 0.         0.         0.01161795],0,[0.         0.07028915 0.1031169  ... 0.         0.         0.4075428 ],[0.02957087 0.         0.68942755 ... 0.         0.         0.01161795]
13_1286,13_1286,data/cut_ugly_clothes_pair/13_1286_E_.jpg,data/cut_ugly_clothes_pair/13_1286_Q_.jpg,[0.         0.         0.         ... 0.         0.05690477 0.01096323],0,[0.         0.         0.         ... 0.0046619  0.         0.03949196],[0.07988068 0.         0.         ... 0.         0.05690477 0.01096323]
13_1288,13_1288,data/cut_ugly_clothes_pair/13_1288_E_.jpg,data/cut_ugly_clothes_pair/13_1288_Q_.jpg,[0.         0.         0.         ... 0.         0.         0.08106469],0,[0.         0.         0.         ... 0.         0.         0.00378496],[0.12565202 0.         0.         ... 0.         0.         0.08106469]
13_1289,13_1289,data/cut_ugly_clothes_pair/13_1289_E_.jpg,data/cut_ugly_clothes_pair/13_1289_Q_.jpg,[0.         0.02386257 0.0321226  ... 0.         0.05630241 0.021076  ],0,[0.         0.02386257 0.0321226  ... 0.         0.00658621 0.05269707],[0.02674887 0.01851652 0.05443008 ... 0.         0.05630241 0.021076  ]
13_1291,13_1291,data/cut_ugly_clothes_pair/13_1291_E_.jpg,data/cut_ugly_clothes_pair/13_1291_Q_.jpg,[0.41042018 0.         1.1617415  ... 0.         0.         0.        ],0,[0.41042018 0.         1.1617415  ... 0.         0.01069103 0.00337045],[0.07560395 0.         2.1102133  ... 0.         0.         0.        ]
13_1293,13_1293,data/cut_ugly_clothes_pair/13_1293_E_.jpg,data/cut_ugly_clothes_pair/13_1293_Q_.jpg,[0.         0.         0.04243228 ... 0.         0.         0.01657029],0,[0.         0.         0.04243228 ... 0.         0.00776877 0.3944889 ],[0.03946252 0.         0.         ... 0.         0.         0.01657029]
13_1300,13_1300,data/cut_ugly_clothes_pair/13_1300_E_.jpg,data/cut_ugly_clothes_pair/13_1300_Q_.jpg,[0.         0.         0.05431233 ... 0.         0.03080286 0.        ],0,[0.         0.         0.05431233 ... 0.00235811 0.         0.3399269 ],[0.         0.         0.8215936  ... 0.         0.03080286 0.        ]
13_1301,13_1301,data/cut_ugly_clothes_pair/13_1301_E_.jpg,data/cut_ugly_clothes_pair/13_1301_Q_.jpg,[0.02729356 0.         0.5195322  ... 0.13047913 0.01793347 0.0140124 ],0,[0.02729356 0.         0.5195322  ... 0.01120784 0.         0.06420001],[0.03789823 0.         0.08341208 ... 0.13047913 0.01793347 0.0140124 ]
13_1302,13_1302,data/cut_ugly_clothes_pair/13_1302_E_.jpg,data/cut_ugly_clothes_pair/13_1302_Q_.jpg,[0.0019669  0.00997973 0.01202527 ... 0.         0.00198803 0.0083485 ],0,[0.0019669  0.00997973 0.01202527 ... 0.         0.0139829  0.11559244],"[3.8524613e-01 6.2515981e-05 1.3948524e-02 ... 0.0000000e+00 1.9880270e-03
 8.3485041e-03]"
13_1304,13_1304,data/cut_ugly_clothes_pair/13_1304_E_.jpg,data/cut_ugly_clothes_pair/13_1304_Q_.jpg,[0.         0.0292649  0.         ... 0.         0.         0.69729656],0,[0.         0.0292649  0.         ... 0.02800128 0.01700041 0.00850114],[0.00517412 0.         0.00920003 ... 0.         0.         0.69729656]
13_1306,13_1306,data/cut_ugly_clothes_pair/13_1306_E_.jpg,data/cut_ugly_clothes_pair/13_1306_Q_.jpg,[0.         0.24540211 0.10949062 ... 0.         0.         0.4996362 ],0,[0.         0.24540211 0.10949062 ... 0.00294035 0.23152313 0.3863837 ],[0.        0.        0.        ... 0.        0.        0.4996362]
13_1307,13_1307,data/cut_ugly_clothes_pair/13_1307_E_.jpg,data/cut_ugly_clothes_pair/13_1307_Q_.jpg,[0.00314782 0.0017211  0.38200095 ... 0.         0.         0.02251709],0,[0.00314782 0.0017211  0.38200095 ... 0.0859109  0.00374718 0.11487691],[0.         0.         0.07474212 ... 0.         0.         0.02251709]
13_1308,13_1308,data/cut_ugly_clothes_pair/13_1308_E_.jpg,data/cut_ugly_clothes_pair/13_1308_Q_.jpg,[0.         0.0052476  0.         ... 0.         0.03286324 0.04743806],0,[0.         0.0052476  0.         ... 0.         0.02644885 0.00395991],[0.01656244 0.         0.09559593 ... 0.         0.03286324 0.04743806]
13_1309,13_1309,data/cut_ugly_clothes_pair/13_1309_E_.jpg,data/cut_ugly_clothes_pair/13_1309_Q_.jpg,[0.         0.         0.01169754 ... 0.         0.05392542 0.03703884],0,[0.         0.         0.01169754 ... 0.         0.00988815 0.05676604],[0.61356884 0.06822789 0.36276197 ... 0.         0.05392542 0.03703884]
13_1310,13_1310,data/cut_ugly_clothes_pair/13_1310_E_.jpg,data/cut_ugly_clothes_pair/13_1310_Q_.jpg,[0.01995044 0.         0.2958712  ... 0.01840231 0.08425681 0.01834053],0,[0.01995044 0.         0.2958712  ... 0.02717869 0.02145499 0.23421358],[0.06973368 0.         0.32697567 ... 0.01840231 0.08425681 0.01834053]
13_1311,13_1311,data/cut_ugly_clothes_pair/13_1311_E_.jpg,data/cut_ugly_clothes_pair/13_1311_Q_.jpg,[0.         0.01289264 0.05541081 ... 0.         0.         0.        ],0,[0.         0.01289264 0.05541081 ... 0.         0.         0.01838764],[0.1308686  0.00957626 0.30332616 ... 0.         0.         0.        ]
13_1313,13_1313,data/cut_ugly_clothes_pair/13_1313_E_.jpg,data/cut_ugly_clothes_pair/13_1313_Q_.jpg,[0.         0.00028704 0.00097717 ... 0.         0.         0.        ],0,[0.         0.00028704 0.00097717 ... 0.         0.         0.2650963 ],[0. 0. 0. ... 0. 0. 0.]
13_1314,13_1314,data/cut_ugly_clothes_pair/13_1314_E_.jpg,data/cut_ugly_clothes_pair/13_1314_Q_.jpg,[0.         0.02083581 0.3290905  ... 0.         0.06099277 0.0060565 ],0,[0.         0.02083581 0.3290905  ... 0.         0.00829212 0.32473263],[0.00897689 0.         0.         ... 0.         0.06099277 0.0060565 ]
13_1315,13_1315,data/cut_ugly_clothes_pair/13_1315_E_.jpg,data/cut_ugly_clothes_pair/13_1315_Q_.jpg,[0.         0.         0.         ... 0.         0.01578212 0.08147641],0,[0.         0.         0.         ... 0.         0.05877445 0.11833625],[0.09920616 0.         0.         ... 0.         0.01578212 0.08147641]
13_1319,13_1319,data/cut_ugly_clothes_pair/13_1319_E_.jpg,data/cut_ugly_clothes_pair/13_1319_Q_.jpg,[0.         0.00012374 0.00301203 ... 0.03740293 0.         0.01240249],0,"[0.0000000e+00 1.2374303e-04 3.0120327e-03 ... 0.0000000e+00 8.8417342e-05
 1.5959157e-02]",[0.00920129 0.         0.76344055 ... 0.03740293 0.         0.01240249]
13_1320,13_1320,data/cut_ugly_clothes_pair/13_1320_E_.jpg,data/cut_ugly_clothes_pair/13_1320_Q_.jpg,[0.         0.         0.07640911 ... 0.         0.11234816 0.        ],0,[0.         0.         0.07640911 ... 0.         0.         0.07223491],[0.         0.01308687 0.07134531 ... 0.         0.11234816 0.        ]
13_1322,13_1322,data/cut_ugly_clothes_pair/13_1322_E_.jpg,data/cut_ugly_clothes_pair/13_1322_Q_.jpg,[0.         0.00371106 0.01298861 ... 0.00525162 0.07799958 0.00325807],0,[0.         0.00371106 0.01298861 ... 0.         0.02830059 0.4182582 ],[0.         0.03389809 0.07846317 ... 0.00525162 0.07799958 0.00325807]
13_1323,13_1323,data/cut_ugly_clothes_pair/13_1323_E_.jpg,data/cut_ugly_clothes_pair/13_1323_Q_.jpg,[0.         0.0186     0.00851676 ... 0.0507529  0.         0.14009516],0,[0.         0.0186     0.00851676 ... 0.         0.         0.6881888 ],[0.03635284 0.         0.21596418 ... 0.0507529  0.         0.14009516]
13_1324,13_1324,data/cut_ugly_clothes_pair/13_1324_E_.jpg,data/cut_ugly_clothes_pair/13_1324_Q_.jpg,[0.         0.00327666 0.0201516  ... 0.         0.06803196 0.02407049],0,[0.         0.00327666 0.0201516  ... 0.10820045 0.07930379 0.        ],[0.00894403 0.         0.03260083 ... 0.         0.06803196 0.02407049]
13_1326,13_1326,data/cut_ugly_clothes_pair/13_1326_E_.jpg,data/cut_ugly_clothes_pair/13_1326_Q_.jpg,[0.         0.01044249 0.16185944 ... 0.00034708 0.05692318 0.00694836],0,[0.         0.01044249 0.16185944 ... 0.         0.         0.2684627 ],"[1.2152414e-01 2.6722889e-02 9.1804773e-01 ... 3.4707706e-04 5.6923177e-02
 6.9483579e-03]"
13_1330,13_1330,data/cut_ugly_clothes_pair/13_1330_E_.jpg,data/cut_ugly_clothes_pair/13_1330_Q_.jpg,[0.         0.01761368 0.22614007 ... 0.03905712 0.         0.        ],0,[0.         0.01761368 0.22614007 ... 0.04094689 0.         0.12091608],[0.07450321 0.         0.05397802 ... 0.03905712 0.         0.        ]
13_1332,13_1332,data/cut_ugly_clothes_pair/13_1332_E_.jpg,data/cut_ugly_clothes_pair/13_1332_Q_.jpg,[0.         0.05923423 0.13912974 ... 0.         0.01099471 0.        ],0,[0.         0.05923423 0.13912974 ... 0.48288062 0.0240654  0.        ],[0.00783557 0.         0.3793648  ... 0.         0.01099471 0.        ]
13_1333,13_1333,data/cut_ugly_clothes_pair/13_1333_E_.jpg,data/cut_ugly_clothes_pair/13_1333_Q_.jpg,[0.         0.01298163 0.         ... 0.         0.06358375 0.02621207],0,[0.         0.01298163 0.         ... 0.         0.         0.01760571],[0.         0.0064596  0.16508366 ... 0.         0.06358375 0.02621207]
13_1335,13_1335,data/cut_ugly_clothes_pair/13_1335_E_.jpg,data/cut_ugly_clothes_pair/13_1335_Q_.jpg,[0.13827492 0.         0.00663126 ... 0.01168961 0.04137394 0.        ],0,[0.13827492 0.         0.00663126 ... 0.05642511 0.12834944 0.02207225],[0.27206683 0.         0.06858207 ... 0.01168961 0.04137394 0.        ]
13_1337,13_1337,data/cut_ugly_clothes_pair/13_1337_E_.jpg,data/cut_ugly_clothes_pair/13_1337_Q_.jpg,[0.         0.         0.22484086 ... 0.00501808 0.00096776 0.07122815],0,[0.         0.         0.22484086 ... 0.         0.         0.597927  ],[0.05172937 0.10143754 0.41732723 ... 0.00501808 0.00096776 0.07122815]
13_1340,13_1340,data/cut_ugly_clothes_pair/13_1340_E_.jpg,data/cut_ugly_clothes_pair/13_1340_Q_.jpg,[0.         0.02470295 0.00429902 ... 0.         0.05869646 0.11069814],0,[0.         0.02470295 0.00429902 ... 0.         0.         0.02788262],[0.         0.00326047 0.02289223 ... 0.         0.05869646 0.11069814]
13_1347,13_1347,data/cut_ugly_clothes_pair/13_1347_E_.jpg,data/cut_ugly_clothes_pair/13_1347_Q_.jpg,[0.         0.         0.1282753  ... 0.         0.00461929 0.        ],0,[0.         0.         0.1282753  ... 0.0069856  0.         0.14218728],[0.00577254 0.         0.1036241  ... 0.         0.00461929 0.        ]
13_1349,13_1349,data/cut_ugly_clothes_pair/13_1349_E_.jpg,data/cut_ugly_clothes_pair/13_1349_Q_.jpg,[0.00472192 0.         0.03282294 ... 0.         0.093095   0.00400391],0,[0.00472192 0.         0.03282294 ... 0.         0.         0.04886673],[0.         0.         0.2820109  ... 0.         0.093095   0.00400391]
13_1351,13_1351,data/cut_ugly_clothes_pair/13_1351_E_.jpg,data/cut_ugly_clothes_pair/13_1351_Q_.jpg,[0.         0.00603426 0.02993555 ... 0.         0.0016881  0.0348936 ],0,[0.         0.00603426 0.02993555 ... 0.0589501  0.         0.01125821],[0.2916841  0.         0.23059039 ... 0.         0.0016881  0.0348936 ]
13_1352,13_1352,data/cut_ugly_clothes_pair/13_1352_E_.jpg,data/cut_ugly_clothes_pair/13_1352_Q_.jpg,[0.         0.         0.16333832 ... 0.0225842  0.02007489 0.        ],0,[0.         0.         0.16333832 ... 0.         0.01896493 0.20807499],[0.23593745 0.         0.46288913 ... 0.0225842  0.02007489 0.        ]
13_1353,13_1353,data/cut_ugly_clothes_pair/13_1353_E_.jpg,data/cut_ugly_clothes_pair/13_1353_Q_.jpg,[0.00208273 0.         0.028755   ... 0.00997062 0.05639117 0.05557877],0,[0.00208273 0.         0.028755   ... 0.         0.         0.14736478],[0.03985239 0.00431755 0.12307326 ... 0.00997062 0.05639117 0.05557877]
13_1354,13_1354,data/cut_ugly_clothes_pair/13_1354_E_.jpg,data/cut_ugly_clothes_pair/13_1354_Q_.jpg,[0.01752124 0.00333576 0.06259369 ... 0.         0.         0.02345982],0,[0.01752124 0.00333576 0.06259369 ... 0.         0.10863205 0.8245084 ],[0.19155638 0.03937382 0.00331406 ... 0.         0.         0.02345982]
13_1355,13_1355,data/cut_ugly_clothes_pair/13_1355_E_.jpg,data/cut_ugly_clothes_pair/13_1355_Q_.jpg,[0.01992152 0.         0.06052319 ... 0.01362    0.26773256 0.        ],0,[0.01992152 0.         0.06052319 ... 0.         0.03073831 0.09954897],[0.05416688 0.         0.02862441 ... 0.01362    0.26773256 0.        ]
13_1358,13_1358,data/cut_ugly_clothes_pair/13_1358_E_.jpg,data/cut_ugly_clothes_pair/13_1358_Q_.jpg,[0.         0.0264722  0.05708022 ... 0.         0.         0.44034815],0,[0.         0.0264722  0.05708022 ... 0.         0.         0.47545236],"[2.7791422e-04 1.3952365e-02 2.2525329e-02 ... 0.0000000e+00 0.0000000e+00
 4.4034815e-01]"
13_1363,13_1363,data/cut_ugly_clothes_pair/13_1363_E_.jpg,data/cut_ugly_clothes_pair/13_1363_Q_.jpg,[0.00838001 0.00074966 0.00079527 ... 0.00179718 0.06806978 0.        ],0,[0.00838001 0.00074966 0.00079527 ... 0.03601072 0.         0.08319657],[0.         0.00496346 0.7822278  ... 0.00179718 0.06806978 0.        ]
13_1367,13_1367,data/cut_ugly_clothes_pair/13_1367_E_.jpg,data/cut_ugly_clothes_pair/13_1367_Q_.jpg,[0.         0.         0.01771995 ... 0.01030451 0.         0.01542311],0,[0.         0.         0.01771995 ... 0.         0.         0.0005085 ],[0.34718874 0.         0.28309283 ... 0.01030451 0.         0.01542311]
13_1368,13_1368,data/cut_ugly_clothes_pair/13_1368_E_.jpg,data/cut_ugly_clothes_pair/13_1368_Q_.jpg,[0.07296747 0.01924206 0.07959267 ... 0.         0.01122816 0.13444714],0,[0.07296747 0.01924206 0.07959267 ... 0.00819923 0.         0.01371431],[0.26648507 0.         0.27267405 ... 0.         0.01122816 0.13444714]
13_1369,13_1369,data/cut_ugly_clothes_pair/13_1369_E_.jpg,data/cut_ugly_clothes_pair/13_1369_Q_.jpg,[0.         0.06619775 0.1438227  ... 0.         0.06357466 0.        ],0,"[0.0000000e+00 6.6197753e-02 1.4382270e-01 ... 5.1599043e-05 0.0000000e+00
 1.1004373e-01]",[0.05811356 0.         0.         ... 0.         0.06357466 0.        ]
13_1370,13_1370,data/cut_ugly_clothes_pair/13_1370_E_.jpg,data/cut_ugly_clothes_pair/13_1370_Q_.jpg,[0.0780875  0.         0.29288587 ... 0.00884524 0.00063278 0.00045124],0,[0.0780875  0.         0.29288587 ... 0.01032546 0.         0.08089878],[0.33128166 0.         0.25695243 ... 0.00884524 0.00063278 0.00045124]
13_1372,13_1372,data/cut_ugly_clothes_pair/13_1372_E_.jpg,data/cut_ugly_clothes_pair/13_1372_Q_.jpg,[0.00145368 0.         0.03565675 ... 0.         0.         0.01441581],0,[0.00145368 0.         0.03565675 ... 0.         0.         0.11510213],[0.         0.0008382  0.21942328 ... 0.         0.         0.01441581]
13_1373,13_1373,data/cut_ugly_clothes_pair/13_1373_E_.jpg,data/cut_ugly_clothes_pair/13_1373_Q_.jpg,[0.         0.         0.         ... 0.         0.04399345 0.17886585],0,[0. 0. 0. ... 0. 0. 0.],[0.         0.         0.         ... 0.         0.04399345 0.17886585]
13_1375,13_1375,data/cut_ugly_clothes_pair/13_1375_E_.jpg,data/cut_ugly_clothes_pair/13_1375_Q_.jpg,[0.         0.         0.22400115 ... 0.         0.00278513 0.0259125 ],0,[0.         0.         0.22400115 ... 0.         0.01941537 0.36956778],[0.         0.0247697  0.09133837 ... 0.         0.00278513 0.0259125 ]
13_1376,13_1376,data/cut_ugly_clothes_pair/13_1376_E_.jpg,data/cut_ugly_clothes_pair/13_1376_Q_.jpg,[0.07573276 0.         0.09986175 ... 0.         0.         0.02015853],0,[0.07573276 0.         0.09986175 ... 0.         0.03070532 0.19806027],[0.         0.         0.68424225 ... 0.         0.         0.02015853]
13_1377,13_1377,data/cut_ugly_clothes_pair/13_1377_E_.jpg,data/cut_ugly_clothes_pair/13_1377_Q_.jpg,[0.         0.         0.         ... 0.         0.10595936 0.        ],0,[0.         0.         0.         ... 0.         0.0344252  0.04253252],[0.         0.01719255 0.00824535 ... 0.         0.10595936 0.        ]
13_1378,13_1378,data/cut_ugly_clothes_pair/13_1378_E_.jpg,data/cut_ugly_clothes_pair/13_1378_Q_.jpg,[0.01045153 0.         0.6070868  ... 0.         0.         0.05756781],0,[0.01045153 0.         0.6070868  ... 0.00808869 0.         0.0197264 ],[0.06008383 0.         0.28714323 ... 0.         0.         0.05756781]
13_1381,13_1381,data/cut_ugly_clothes_pair/13_1381_E_.jpg,data/cut_ugly_clothes_pair/13_1381_Q_.jpg,[0.02334937 0.         0.14081529 ... 0.         0.0375315  0.02620788],0,[0.02334937 0.         0.14081529 ... 0.09684027 0.01970347 0.10757875],[0.         0.01342299 0.07486237 ... 0.         0.0375315  0.02620788]
13_1382,13_1382,data/cut_ugly_clothes_pair/13_1382_E_.jpg,data/cut_ugly_clothes_pair/13_1382_Q_.jpg,[0.         0.         0.         ... 0.         0.06987417 0.        ],0,[0.         0.         0.         ... 0.         0.         0.15468705],[0.03144246 0.         1.3049225  ... 0.         0.06987417 0.        ]
13_1385,13_1385,data/cut_ugly_clothes_pair/13_1385_E_.jpg,data/cut_ugly_clothes_pair/13_1385_Q_.jpg,[0.         0.00518019 0.         ... 0.         0.02353578 0.00239457],0,[0.         0.00518019 0.         ... 0.         0.         0.01722427],[0.         0.         0.08722659 ... 0.         0.02353578 0.00239457]
13_1386,13_1386,data/cut_ugly_clothes_pair/13_1386_E_.jpg,data/cut_ugly_clothes_pair/13_1386_Q_.jpg,[0.         0.01564356 0.14086552 ... 0.00320514 0.0246561  0.001357  ],0,[0.         0.01564356 0.14086552 ... 0.         0.13407305 0.        ],[0.35671923 0.         0.7689236  ... 0.00320514 0.0246561  0.001357  ]
13_1389,13_1389,data/cut_ugly_clothes_pair/13_1389_E_.jpg,data/cut_ugly_clothes_pair/13_1389_Q_.jpg,[0.         0.02819553 0.01349795 ... 0.         0.09102309 0.        ],0,[0.         0.02819553 0.01349795 ... 0.         0.         0.0929733 ],[0.0038836  0.00534479 0.20901938 ... 0.         0.09102309 0.        ]
13_1390,13_1390,data/cut_ugly_clothes_pair/13_1390_E_.jpg,data/cut_ugly_clothes_pair/13_1390_Q_.jpg,[0.         0.04903423 0.22229625 ... 0.         0.03701811 0.23400375],0,[0.         0.04903423 0.22229625 ... 0.         0.         1.3096125 ],[0.18672016 0.03242704 0.         ... 0.         0.03701811 0.23400375]
13_1393,13_1393,data/cut_ugly_clothes_pair/13_1393_E_.jpg,data/cut_ugly_clothes_pair/13_1393_Q_.jpg,[0.         0.02291    0.11432719 ... 0.         0.06103097 0.28313214],0,[0.         0.02291    0.11432719 ... 0.01968498 0.         0.17988329],[0.00815023 0.         0.         ... 0.         0.06103097 0.28313214]
13_1394,13_1394,data/cut_ugly_clothes_pair/13_1394_E_.jpg,data/cut_ugly_clothes_pair/13_1394_Q_.jpg,[0.4351986  0.05353907 0.00742339 ... 0.         0.         0.01556548],0,[0.4351986  0.05353907 0.00742339 ... 0.         0.         0.05868668],[0.65013987 0.         0.00163271 ... 0.         0.         0.01556548]
13_1396,13_1396,data/cut_ugly_clothes_pair/13_1396_E_.jpg,data/cut_ugly_clothes_pair/13_1396_Q_.jpg,[0.         0.01331072 0.64208215 ... 0.         0.11642737 0.        ],0,[0.         0.01331072 0.64208215 ... 0.         0.00310844 0.21840613],[0.12541495 0.         0.24217229 ... 0.         0.11642737 0.        ]
13_1398,13_1398,data/cut_ugly_clothes_pair/13_1398_E_.jpg,data/cut_ugly_clothes_pair/13_1398_Q_.jpg,[0.         0.01705452 0.04017837 ... 0.01195745 0.         0.        ],0,[0.         0.01705452 0.04017837 ... 0.         0.         0.01543617],[0.         0.         0.03983394 ... 0.01195745 0.         0.        ]
13_1399,13_1399,data/cut_ugly_clothes_pair/13_1399_E_.jpg,data/cut_ugly_clothes_pair/13_1399_Q_.jpg,[0.03250773 0.00205859 0.01476902 ... 0.         0.         0.16623773],0,[0.03250773 0.00205859 0.01476902 ... 0.         0.         0.10348574],[0.         0.         0.0512513  ... 0.         0.         0.16623773]
13_1400,13_1400,data/cut_ugly_clothes_pair/13_1400_E_.jpg,data/cut_ugly_clothes_pair/13_1400_Q_.jpg,[0.         0.         0.00736742 ... 0.         0.227065   0.01685637],0,[0.         0.         0.00736742 ... 0.02902976 0.         0.        ],[0.         0.         0.         ... 0.         0.227065   0.01685637]
13_1402,13_1402,data/cut_ugly_clothes_pair/13_1402_E_.jpg,data/cut_ugly_clothes_pair/13_1402_Q_.jpg,[0.         0.         0.00523762 ... 0.00246381 0.         0.08206889],0,[0.         0.         0.00523762 ... 0.         0.         0.01149461],[0.07963183 0.         0.26863188 ... 0.00246381 0.         0.08206889]
13_1403,13_1403,data/cut_ugly_clothes_pair/13_1403_E_.jpg,data/cut_ugly_clothes_pair/13_1403_Q_.jpg,[0.13179107 0.         0.         ... 0.         0.         0.00556535],0,[0.13179107 0.         0.         ... 0.         0.         0.        ],[0.         0.         0.59903747 ... 0.         0.         0.00556535]
13_1404,13_1404,data/cut_ugly_clothes_pair/13_1404_E_.jpg,data/cut_ugly_clothes_pair/13_1404_Q_.jpg,[0.         0.         0.         ... 0.         0.00940309 0.        ],0,[0.         0.         0.         ... 0.04804017 0.         0.00653458],[0.         0.07595574 0.1556349  ... 0.         0.00940309 0.        ]
13_1405,13_1405,data/cut_ugly_clothes_pair/13_1405_E_.jpg,data/cut_ugly_clothes_pair/13_1405_Q_.jpg,[0.         0.03741022 0.         ... 0.00623357 0.02452242 0.        ],0,[0.         0.03741022 0.         ... 0.         0.02319788 0.1259883 ],[0.         0.02848661 0.1123266  ... 0.00623357 0.02452242 0.        ]
13_1406,13_1406,data/cut_ugly_clothes_pair/13_1406_E_.jpg,data/cut_ugly_clothes_pair/13_1406_Q_.jpg,[0.00556007 0.         0.         ... 0.         0.07539413 0.        ],0,[0.00556007 0.         0.         ... 0.         0.01031397 0.02806644],[0.         0.         0.71606654 ... 0.         0.07539413 0.        ]
13_1407,13_1407,data/cut_ugly_clothes_pair/13_1407_E_.jpg,data/cut_ugly_clothes_pair/13_1407_Q_.jpg,[0.         0.         0.08983015 ... 0.         0.         0.08630211],0,[0.         0.         0.08983015 ... 0.         0.00158297 0.01644099],[0.         0.00169989 0.18215303 ... 0.         0.         0.08630211]
13_1415,13_1415,data/cut_ugly_clothes_pair/13_1415_E_.jpg,data/cut_ugly_clothes_pair/13_1415_Q_.jpg,[0.         0.02494889 0.11302015 ... 0.         0.07334361 0.        ],0,[0.         0.02494889 0.11302015 ... 0.02423597 0.09566297 0.2628688 ],[0.00129064 0.00405863 0.         ... 0.         0.07334361 0.        ]
13_1416,13_1416,data/cut_ugly_clothes_pair/13_1416_E_.jpg,data/cut_ugly_clothes_pair/13_1416_Q_.jpg,[0.         0.00487229 0.05021312 ... 0.         0.08979937 0.        ],0,[0.         0.00487229 0.05021312 ... 0.0663124  0.04024035 0.6798343 ],[0.         0.02680238 0.01721358 ... 0.         0.08979937 0.        ]
13_1419,13_1419,data/cut_ugly_clothes_pair/13_1419_E_.jpg,data/cut_ugly_clothes_pair/13_1419_Q_.jpg,[0.         0.         0.05710056 ... 0.         0.00349183 0.04646812],0,[0.         0.         0.05710056 ... 0.00395802 0.         0.10040944],[0.25235978 0.         0.11709867 ... 0.         0.00349183 0.04646812]
13_1420,13_1420,data/cut_ugly_clothes_pair/13_1420_E_.jpg,data/cut_ugly_clothes_pair/13_1420_Q_.jpg,[0.         0.00515524 0.24235618 ... 0.         0.         0.03533732],0,[0.         0.00515524 0.24235618 ... 0.02622959 0.         0.1685991 ],[0.05178296 0.         0.8448899  ... 0.         0.         0.03533732]
13_1422,13_1422,data/cut_ugly_clothes_pair/13_1422_E_.jpg,data/cut_ugly_clothes_pair/13_1422_Q_.jpg,[0.07903264 0.11282185 0.08761582 ... 0.         0.         0.0314321 ],0,[0.07903264 0.11282185 0.08761582 ... 0.00767384 0.         0.1226267 ],[0.80424297 0.         0.20445886 ... 0.         0.         0.0314321 ]
13_1424,13_1424,data/cut_ugly_clothes_pair/13_1424_E_.jpg,data/cut_ugly_clothes_pair/13_1424_Q_.jpg,[0.1885771  0.         0.02123437 ... 0.         0.10180908 0.01155971],0,[0.1885771  0.         0.02123437 ... 0.         0.         0.01665794],[0.08326187 0.         0.28929907 ... 0.         0.10180908 0.01155971]
13_1425,13_1425,data/cut_ugly_clothes_pair/13_1425_E_.jpg,data/cut_ugly_clothes_pair/13_1425_Q_.jpg,[0.         0.03679696 0.11947553 ... 0.         0.0096013  0.00325043],0,[0.         0.03679696 0.11947553 ... 0.         0.0508632  0.5297768 ],[0.         0.         0.09573203 ... 0.         0.0096013  0.00325043]
13_1426,13_1426,data/cut_ugly_clothes_pair/13_1426_E_.jpg,data/cut_ugly_clothes_pair/13_1426_Q_.jpg,[0.         0.04244419 0.16391324 ... 0.         0.         0.3277718 ],0,[0.         0.04244419 0.16391324 ... 0.         0.         0.61755973],[0.12141512 0.         0.04749848 ... 0.         0.         0.3277718 ]
13_1427,13_1427,data/cut_ugly_clothes_pair/13_1427_E_.jpg,data/cut_ugly_clothes_pair/13_1427_Q_.jpg,[0.         0.         0.         ... 0.         0.02565497 0.        ],0,[0.         0.         0.         ... 0.03195764 0.         0.00579767],[0.         0.01320315 0.40943545 ... 0.         0.02565497 0.        ]
13_1428,13_1428,data/cut_ugly_clothes_pair/13_1428_E_.jpg,data/cut_ugly_clothes_pair/13_1428_Q_.jpg,[0.06143908 0.09716344 0.03554654 ... 0.04809621 0.         0.20910728],0,[0.06143908 0.09716344 0.03554654 ... 0.00228648 0.         0.004447  ],[0.03665599 0.         0.17603822 ... 0.04809621 0.         0.20910728]
13_1429,13_1429,data/cut_ugly_clothes_pair/13_1429_E_.jpg,data/cut_ugly_clothes_pair/13_1429_Q_.jpg,[0.         0.         0.02529116 ... 0.         0.         0.00569321],0,[0.         0.         0.02529116 ... 0.         0.         0.0701051 ],[0.         0.         0.1199904  ... 0.         0.         0.00569321]
13_1433,13_1433,data/cut_ugly_clothes_pair/13_1433_E_.jpg,data/cut_ugly_clothes_pair/13_1433_Q_.jpg,[0.2862107  0.0007422  0.00139129 ... 0.         0.03890922 0.09937456],0,[0.2862107  0.0007422  0.00139129 ... 0.         0.00211438 0.        ],[0.         0.00010043 0.00192634 ... 0.         0.03890922 0.09937456]
13_1435,13_1435,data/cut_ugly_clothes_pair/13_1435_E_.jpg,data/cut_ugly_clothes_pair/13_1435_Q_.jpg,[0.         0.         0.02705856 ... 0.         0.06219551 0.04818606],0,[0.         0.         0.02705856 ... 0.         0.         0.00709327],[0.         0.0067969  0.07746448 ... 0.         0.06219551 0.04818606]
13_1436,13_1436,data/cut_ugly_clothes_pair/13_1436_E_.jpg,data/cut_ugly_clothes_pair/13_1436_Q_.jpg,[0.         0.         0.         ... 0.         0.00945089 0.0131019 ],0,[0.         0.         0.         ... 0.         0.         0.01637826],[0.         0.         0.11070154 ... 0.         0.00945089 0.0131019 ]
13_1437,13_1437,data/cut_ugly_clothes_pair/13_1437_E_.jpg,data/cut_ugly_clothes_pair/13_1437_Q_.jpg,[0.         0.15237667 0.02874765 ... 0.         0.09154294 0.        ],0,[0.         0.15237667 0.02874765 ... 0.         0.         1.7530208 ],[0.         0.         1.0126095  ... 0.         0.09154294 0.        ]
13_1438,13_1438,data/cut_ugly_clothes_pair/13_1438_E_.jpg,data/cut_ugly_clothes_pair/13_1438_Q_.jpg,[0.         0.10020227 0.07820767 ... 0.         0.         0.07223184],0,[0.         0.10020227 0.07820767 ... 0.05643697 0.         0.5958929 ],[0.01793914 0.0745685  0.05226645 ... 0.         0.         0.07223184]
13_1439,13_1439,data/cut_ugly_clothes_pair/13_1439_E_.jpg,data/cut_ugly_clothes_pair/13_1439_Q_.jpg,[0.         0.01266397 0.3930992  ... 0.         0.07127363 0.        ],0,"[0.0000000e+00 1.2663968e-02 3.9309919e-01 ... 2.5416503e-04 3.8732596e-02
 1.2438881e-01]",[0.08925582 0.         0.22977336 ... 0.         0.07127363 0.        ]
13_1441,13_1441,data/cut_ugly_clothes_pair/13_1441_E_.jpg,data/cut_ugly_clothes_pair/13_1441_Q_.jpg,[0.         0.         0.0960445  ... 0.         0.03341095 0.01188783],0,[0.         0.         0.0960445  ... 0.02807233 0.         0.07882538],[0.         0.         0.7340377  ... 0.         0.03341095 0.01188783]
13_1443,13_1443,data/cut_ugly_clothes_pair/13_1443_E_.jpg,data/cut_ugly_clothes_pair/13_1443_Q_.jpg,[0.02599578 0.         0.36569348 ... 0.         0.06987309 0.        ],0,[0.02599578 0.         0.36569348 ... 0.00129042 0.00083633 0.0989921 ],[0.         0.         0.23130746 ... 0.         0.06987309 0.        ]
13_1445,13_1445,data/cut_ugly_clothes_pair/13_1445_E_.jpg,data/cut_ugly_clothes_pair/13_1445_Q_.jpg,[0.04531932 0.         0.46038586 ... 0.         0.1069724  0.02148246],0,[0.04531932 0.         0.46038586 ... 0.01316004 0.         0.2167311 ],[0.         0.         0.11595445 ... 0.         0.1069724  0.02148246]
13_1448,13_1448,data/cut_ugly_clothes_pair/13_1448_E_.jpg,data/cut_ugly_clothes_pair/13_1448_Q_.jpg,[0.         0.00173992 0.13638343 ... 0.         0.12850691 0.23054463],0,[0.         0.00173992 0.13638343 ... 0.         0.00574072 0.03976362],[0.00318694 0.00192754 0.5614013  ... 0.         0.12850691 0.23054463]
13_1449,13_1449,data/cut_ugly_clothes_pair/13_1449_E_.jpg,data/cut_ugly_clothes_pair/13_1449_Q_.jpg,[0.         0.02813124 0.         ... 0.         0.08999643 0.02177125],0,[0.         0.02813124 0.         ... 0.         0.         0.02792939],[0.         0.00147002 0.         ... 0.         0.08999643 0.02177125]
13_1450,13_1450,data/cut_ugly_clothes_pair/13_1450_E_.jpg,data/cut_ugly_clothes_pair/13_1450_Q_.jpg,[0.         0.         0.         ... 0.         0.         0.00732811],0,[0.         0.         0.         ... 0.09088153 0.00925639 0.        ],[0.04696837 0.         0.         ... 0.         0.         0.00732811]
13_1452,13_1452,data/cut_ugly_clothes_pair/13_1452_E_.jpg,data/cut_ugly_clothes_pair/13_1452_Q_.jpg,[0.         0.00473931 0.         ... 0.00069883 0.09040145 0.0092832 ],0,[0.         0.00473931 0.         ... 0.         0.00522383 0.24808191],"[0.0000000e+00 1.1307852e-05 1.6540521e-01 ... 6.9883274e-04 9.0401448e-02
 9.2831971e-03]"
13_1453,13_1453,data/cut_ugly_clothes_pair/13_1453_E_.jpg,data/cut_ugly_clothes_pair/13_1453_Q_.jpg,[0.02700196 0.00364262 0.         ... 0.         0.05589268 0.02057535],0,[0.02700196 0.00364262 0.         ... 0.         0.00642807 0.17268944],[0.         0.         0.07800128 ... 0.         0.05589268 0.02057535]
13_1456,13_1456,data/cut_ugly_clothes_pair/13_1456_E_.jpg,data/cut_ugly_clothes_pair/13_1456_Q_.jpg,[0.05440079 0.00856724 0.10676316 ... 0.00956495 0.         0.26739952],0,[0.05440079 0.00856724 0.10676316 ... 0.         0.01192241 0.0285371 ],[0.10310505 0.01884794 0.13493747 ... 0.00956495 0.         0.26739952]
13_1457,13_1457,data/cut_ugly_clothes_pair/13_1457_E_.jpg,data/cut_ugly_clothes_pair/13_1457_Q_.jpg,[0.         0.5272482  0.00334875 ... 0.         0.         0.10309309],0,[0.         0.5272482  0.00334875 ... 0.         0.         0.1277781 ],[0.12722868 0.         0.18989295 ... 0.         0.         0.10309309]
13_1459,13_1459,data/cut_ugly_clothes_pair/13_1459_E_.jpg,data/cut_ugly_clothes_pair/13_1459_Q_.jpg,[0.         0.15954754 0.02687042 ... 0.00610545 0.         0.02946354],0,[0.         0.15954754 0.02687042 ... 0.         0.         0.17533827],[0.04987521 0.00931914 0.11713012 ... 0.00610545 0.         0.02946354]
13_1462,13_1462,data/cut_ugly_clothes_pair/13_1462_E_.jpg,data/cut_ugly_clothes_pair/13_1462_Q_.jpg,[0.025343   0.01877415 0.0580298  ... 0.0111846  0.07894185 0.00858004],0,[0.025343   0.01877415 0.0580298  ... 0.0110497  0.         0.32290834],[0.01284038 0.2570021  0.2699336  ... 0.0111846  0.07894185 0.00858004]
13_1463,13_1463,data/cut_ugly_clothes_pair/13_1463_E_.jpg,data/cut_ugly_clothes_pair/13_1463_Q_.jpg,[0.        0.        0.0016833 ... 0.        0.        0.       ],0,[0.         0.         0.0016833  ... 0.         0.05693834 0.01478127],[0.         0.         0.34227905 ... 0.         0.         0.        ]
13_1467,13_1467,data/cut_ugly_clothes_pair/13_1467_E_.jpg,data/cut_ugly_clothes_pair/13_1467_Q_.jpg,[0.         0.04513499 0.05808534 ... 0.         0.03245347 0.10380097],0,[0.         0.04513499 0.05808534 ... 0.         0.01861427 0.11604507],[0.0035469  0.         0.19177236 ... 0.         0.03245347 0.10380097]
13_1469,13_1469,data/cut_ugly_clothes_pair/13_1469_E_.jpg,data/cut_ugly_clothes_pair/13_1469_Q_.jpg,[0.15260746 0.         0.         ... 0.         0.         0.        ],0,[0.15260746 0.         0.         ... 0.00860786 0.         0.00668049],[0.00648913 0.         0.09947977 ... 0.         0.         0.        ]
13_1470,13_1470,data/cut_ugly_clothes_pair/13_1470_E_.jpg,data/cut_ugly_clothes_pair/13_1470_Q_.jpg,[0.         0.01226253 0.09359194 ... 0.         0.         0.09051742],0,[0.         0.01226253 0.09359194 ... 0.         0.00474588 0.5580372 ],"[1.0787462e-03 7.0557736e-02 1.3788096e+00 ... 0.0000000e+00 0.0000000e+00
 9.0517417e-02]"
13_1472,13_1472,data/cut_ugly_clothes_pair/13_1472_E_.jpg,data/cut_ugly_clothes_pair/13_1472_Q_.jpg,[0.         0.         0.4608411  ... 0.         0.04548191 0.13863054],0,[0.         0.         0.4608411  ... 0.         0.         0.08290841],[0.2421199  0.0278432  0.05111518 ... 0.         0.04548191 0.13863054]
13_1478,13_1478,data/cut_ugly_clothes_pair/13_1478_E_.jpg,data/cut_ugly_clothes_pair/13_1478_Q_.jpg,[0.         0.1022306  0.08481368 ... 0.         0.01173798 0.        ],0,[0.         0.1022306  0.08481368 ... 0.         0.04836182 0.5401258 ],[0.10003641 0.         0.29814258 ... 0.         0.01173798 0.        ]
13_1480,13_1480,data/cut_ugly_clothes_pair/13_1480_E_.jpg,data/cut_ugly_clothes_pair/13_1480_Q_.jpg,[0.         0.04850524 0.576061   ... 0.         0.0140795  0.06990288],0,[0.         0.04850524 0.576061   ... 0.         0.01704277 0.82456374],[0.13923724 0.         0.8976609  ... 0.         0.0140795  0.06990288]
13_1481,13_1481,data/cut_ugly_clothes_pair/13_1481_E_.jpg,data/cut_ugly_clothes_pair/13_1481_Q_.jpg,[0.         0.02825848 0.23151694 ... 0.04897438 0.03809559 0.        ],0,[0.         0.02825848 0.23151694 ... 0.         0.         0.04089648],[0.         0.02304    0.27129194 ... 0.04897438 0.03809559 0.        ]
13_1482,13_1482,data/cut_ugly_clothes_pair/13_1482_E_.jpg,data/cut_ugly_clothes_pair/13_1482_Q_.jpg,[0.         0.         0.         ... 0.18208954 0.         0.        ],0,[0.         0.         0.         ... 0.01610772 0.         0.        ],[0.0086532  0.         0.15136217 ... 0.18208954 0.         0.        ]
13_1484,13_1484,data/cut_ugly_clothes_pair/13_1484_E_.jpg,data/cut_ugly_clothes_pair/13_1484_Q_.jpg,[0.         0.         0.09331819 ... 0.         0.07665306 0.0076157 ],0,[0.         0.         0.09331819 ... 0.         0.         0.09298184],[0.57952046 0.00412076 0.14506043 ... 0.         0.07665306 0.0076157 ]
13_1485,13_1485,data/cut_ugly_clothes_pair/13_1485_E_.jpg,data/cut_ugly_clothes_pair/13_1485_Q_.jpg,[0.00152787 0.         0.00941977 ... 0.         0.         0.        ],0,[0.00152787 0.         0.00941977 ... 0.         0.         0.01948952],[0. 0. 0. ... 0. 0. 0.]
13_1487,13_1487,data/cut_ugly_clothes_pair/13_1487_E_.jpg,data/cut_ugly_clothes_pair/13_1487_Q_.jpg,[0.07862826 0.01118824 0.1003864  ... 0.         0.05671951 0.21098222],0,[0.07862826 0.01118824 0.1003864  ... 0.00594305 0.00786467 0.16427258],[0.00672331 0.0040287  0.20824638 ... 0.         0.05671951 0.21098222]
13_1490,13_1490,data/cut_ugly_clothes_pair/13_1490_E_.jpg,data/cut_ugly_clothes_pair/13_1490_Q_.jpg,[0.         0.02817548 0.25874096 ... 0.02562174 0.0090127  0.0281514 ],0,[0.         0.02817548 0.25874096 ... 0.00607731 0.05133202 0.00711664],[0.04335208 0.00470664 0.20892711 ... 0.02562174 0.0090127  0.0281514 ]
13_1498,13_1498,data/cut_ugly_clothes_pair/13_1498_E_.jpg,data/cut_ugly_clothes_pair/13_1498_Q_.jpg,[0.         0.02567935 0.19109818 ... 0.0049426  0.         0.        ],0,[0.         0.02567935 0.19109818 ... 0.01583413 0.         0.03823592],[0.00930762 0.01455752 0.         ... 0.0049426  0.         0.        ]
13_1499,13_1499,data/cut_ugly_clothes_pair/13_1499_E_.jpg,data/cut_ugly_clothes_pair/13_1499_Q_.jpg,[0.00067738 0.05112322 0.5502017  ... 0.         0.01422169 0.        ],0,[0.00067738 0.05112322 0.5502017  ... 0.         0.         0.6683267 ],[0.         0.         0.25174257 ... 0.         0.01422169 0.        ]
13_1500,13_1500,data/cut_ugly_clothes_pair/13_1500_E_.jpg,data/cut_ugly_clothes_pair/13_1500_Q_.jpg,[0.         0.02921486 0.06443042 ... 0.         0.01458322 0.55007344],0,[0.         0.02921486 0.06443042 ... 0.         0.         1.3486472 ],[0.         0.         0.20085306 ... 0.         0.01458322 0.55007344]
13_1505,13_1505,data/cut_ugly_clothes_pair/13_1505_E_.jpg,data/cut_ugly_clothes_pair/13_1505_Q_.jpg,[0.06946283 0.00937422 0.         ... 0.01421129 0.05668207 0.02254549],0,[0.06946283 0.00937422 0.         ... 0.         0.         0.        ],[0.1720469  0.         0.2395925  ... 0.01421129 0.05668207 0.02254549]
13_1506,13_1506,data/cut_ugly_clothes_pair/13_1506_E_.jpg,data/cut_ugly_clothes_pair/13_1506_Q_.jpg,[0.057313   0.         0.8811658  ... 0.         0.27406496 0.        ],0,[0.057313   0.         0.8811658  ... 0.12581864 0.02369904 0.25219503],[0.         0.02333847 0.00379835 ... 0.         0.27406496 0.        ]
13_1509,13_1509,data/cut_ugly_clothes_pair/13_1509_E_.jpg,data/cut_ugly_clothes_pair/13_1509_Q_.jpg,[0.07337826 0.00270564 0.18517359 ... 0.00074841 0.         0.01079242],0,[0.07337826 0.00270564 0.18517359 ... 0.01295408 0.         0.06552824],[0.0964091  0.         0.19448051 ... 0.00074841 0.         0.01079242]
13_1515,13_1515,data/cut_ugly_clothes_pair/13_1515_E_.jpg,data/cut_ugly_clothes_pair/13_1515_Q_.jpg,[0.02248039 0.04726176 0.         ... 0.         0.         0.14613444],0,[0.02248039 0.04726176 0.         ... 0.         0.         0.52611184],[0.11394965 0.         0.04687423 ... 0.         0.         0.14613444]
13_1516,13_1516,data/cut_ugly_clothes_pair/13_1516_E_.jpg,data/cut_ugly_clothes_pair/13_1516_Q_.jpg,[0.         0.00504237 0.05092707 ... 0.         0.         0.        ],0,[0.         0.00504237 0.05092707 ... 0.         0.24941294 0.11286338],[0.         0.00894908 0.59834486 ... 0.         0.         0.        ]
13_1517,13_1517,data/cut_ugly_clothes_pair/13_1517_E_.jpg,data/cut_ugly_clothes_pair/13_1517_Q_.jpg,[0.         0.         0.0412348  ... 0.02042944 0.         0.03908785],0,[0.         0.         0.0412348  ... 0.02357776 0.         0.00089002],[0.         0.         0.01502413 ... 0.02042944 0.         0.03908785]
13_1523,13_1523,data/cut_ugly_clothes_pair/13_1523_E_.jpg,data/cut_ugly_clothes_pair/13_1523_Q_.jpg,[0.         0.         0.1496136  ... 0.         0.00810278 0.        ],0,[0.         0.         0.1496136  ... 0.00021265 0.02019206 0.05561974],[0.00341444 0.         0.         ... 0.         0.00810278 0.        ]
13_1525,13_1525,data/cut_ugly_clothes_pair/13_1525_E_.jpg,data/cut_ugly_clothes_pair/13_1525_Q_.jpg,[0.        0.        0.7973045 ... 0.        0.        0.       ],0,[0.         0.         0.7973045  ... 0.31806454 0.         0.05529949],[0.         0.         0.47693688 ... 0.         0.         0.        ]
13_1530,13_1530,data/cut_ugly_clothes_pair/13_1530_E_.jpg,data/cut_ugly_clothes_pair/13_1530_Q_.jpg,[0.5654652  0.00128469 0.0432234  ... 0.00167432 0.         0.01513149],0,[0.5654652  0.00128469 0.0432234  ... 0.         0.06544436 0.02525061],[0.         0.         0.15198898 ... 0.00167432 0.         0.01513149]
13_1533,13_1533,data/cut_ugly_clothes_pair/13_1533_E_.jpg,data/cut_ugly_clothes_pair/13_1533_Q_.jpg,[0.         0.         0.01302021 ... 0.         0.09453457 0.        ],0,[0.         0.         0.01302021 ... 0.         0.00700525 0.04810972],[0.3233172  0.         0.10417288 ... 0.         0.09453457 0.        ]
13_1534,13_1534,data/cut_ugly_clothes_pair/13_1534_E_.jpg,data/cut_ugly_clothes_pair/13_1534_Q_.jpg,[0.08224075 0.04633405 0.02589335 ... 0.00201084 0.         0.        ],0,[0.08224075 0.04633405 0.02589335 ... 0.         0.06840623 0.09975725],[0.04119163 0.         0.00842589 ... 0.00201084 0.         0.        ]
13_1535,13_1535,data/cut_ugly_clothes_pair/13_1535_E_.jpg,data/cut_ugly_clothes_pair/13_1535_Q_.jpg,[0.         0.00354081 0.         ... 0.00328494 0.03231624 0.01325612],0,[0.         0.00354081 0.         ... 0.         0.         0.        ],[0.09581199 0.         0.08173795 ... 0.00328494 0.03231624 0.01325612]
13_1536,13_1536,data/cut_ugly_clothes_pair/13_1536_E_.jpg,data/cut_ugly_clothes_pair/13_1536_Q_.jpg,[0.         0.         0.         ... 0.         0.05600947 0.        ],0,[0. 0. 0. ... 0. 0. 0.],[0.01917669 0.         2.0706878  ... 0.         0.05600947 0.        ]
13_1540,13_1540,data/cut_ugly_clothes_pair/13_1540_E_.jpg,data/cut_ugly_clothes_pair/13_1540_Q_.jpg,[0.         0.01940362 0.28657034 ... 0.         0.01111189 0.        ],0,[0.         0.01940362 0.28657034 ... 0.         0.         0.05871876],[0.14498553 0.         1.3122293  ... 0.         0.01111189 0.        ]
13_1541,13_1541,data/cut_ugly_clothes_pair/13_1541_E_.jpg,data/cut_ugly_clothes_pair/13_1541_Q_.jpg,[0.05244935 0.         0.12135889 ... 0.         0.04042893 0.322569  ],0,[0.05244935 0.         0.12135889 ... 0.00383431 0.         0.0672376 ],[0.05111122 0.         0.04241339 ... 0.         0.04042893 0.322569  ]
13_1542,13_1542,data/cut_ugly_clothes_pair/13_1542_E_.jpg,data/cut_ugly_clothes_pair/13_1542_Q_.jpg,[0.         0.         0.01282018 ... 0.         0.         0.        ],0,[0.         0.         0.01282018 ... 0.         0.         0.00246884],[0.01641522 0.00398793 0.00738874 ... 0.         0.         0.        ]
13_1546,13_1546,data/cut_ugly_clothes_pair/13_1546_E_.jpg,data/cut_ugly_clothes_pair/13_1546_Q_.jpg,[0.00291076 0.         0.2530776  ... 0.         0.1077194  0.569775  ],0,[0.00291076 0.         0.2530776  ... 0.         0.01078488 0.00301243],[0.09489569 0.         0.2572281  ... 0.         0.1077194  0.569775  ]
13_1548,13_1548,data/cut_ugly_clothes_pair/13_1548_E_.jpg,data/cut_ugly_clothes_pair/13_1548_Q_.jpg,[0.         0.01293102 0.55017096 ... 0.07450632 0.         0.01611267],0,[0.         0.01293102 0.55017096 ... 0.08602696 0.         0.24887249],[0.00400416 0.         0.24316597 ... 0.07450632 0.         0.01611267]
13_1549,13_1549,data/cut_ugly_clothes_pair/13_1549_E_.jpg,data/cut_ugly_clothes_pair/13_1549_Q_.jpg,[0.0064582  0.00294018 0.15686104 ... 0.         0.04548423 0.        ],0,[0.0064582  0.00294018 0.15686104 ... 0.         0.         0.13054116],[0.         0.         0.34266308 ... 0.         0.04548423 0.        ]
13_1553,13_1553,data/cut_ugly_clothes_pair/13_1553_E_.jpg,data/cut_ugly_clothes_pair/13_1553_Q_.jpg,[0.         0.         0.08961745 ... 0.         0.4549846  0.        ],0,[0.         0.         0.08961745 ... 0.         0.19220334 0.3546907 ],[0.         0.         0.11318322 ... 0.         0.4549846  0.        ]
13_1555,13_1555,data/cut_ugly_clothes_pair/13_1555_E_.jpg,data/cut_ugly_clothes_pair/13_1555_Q_.jpg,[0.05755748 0.07940532 0.02242396 ... 0.         0.00867368 0.52645093],0,[0.05755748 0.07940532 0.02242396 ... 0.         0.00167013 0.6351567 ],[0.01509793 0.         0.00091368 ... 0.         0.00867368 0.52645093]
13_1556,13_1556,data/cut_ugly_clothes_pair/13_1556_E_.jpg,data/cut_ugly_clothes_pair/13_1556_Q_.jpg,[0.         0.00332306 0.00158686 ... 0.         0.02950742 0.00211495],0,[0.         0.00332306 0.00158686 ... 0.         0.         0.24057502],[0.17521855 0.         0.0066052  ... 0.         0.02950742 0.00211495]
