index,img_path,img_pathE,img_pathQ
2_2,../new_data/style:korea/2.jpg,../new_data/cut_style:korea/2_2_E_.jpg,../new_data/cut_style:korea/2_2_Q_.jpg
2_3,../new_data/style:korea/3.jpg,../new_data/cut_style:korea/2_3_E_.jpg,../new_data/cut_style:korea/2_3_Q_.jpg
2_4,../new_data/style:korea/4.jpg,../new_data/cut_style:korea/2_4_E_.jpg,../new_data/cut_style:korea/2_4_Q_.jpg
2_5,../new_data/style:korea/5.jpg,../new_data/cut_style:korea/2_5_E_.jpg,../new_data/cut_style:korea/2_5_Q_.jpg
2_7,../new_data/style:korea/7.jpg,../new_data/cut_style:korea/2_7_E_.jpg,../new_data/cut_style:korea/2_7_Q_.jpg
2_8,../new_data/style:korea/8.jpg,../new_data/cut_style:korea/2_8_E_.jpg,../new_data/cut_style:korea/2_8_Q_.jpg
2_9,../new_data/style:korea/9.jpg,../new_data/cut_style:korea/2_9_E_.jpg,../new_data/cut_style:korea/2_9_Q_.jpg
2_11,../new_data/style:korea/11.jpg,../new_data/cut_style:korea/2_11_E_.jpg,../new_data/cut_style:korea/2_11_Q_.jpg
2_13,../new_data/style:korea/13.jpg,../new_data/cut_style:korea/2_13_E_.jpg,../new_data/cut_style:korea/2_13_Q_.jpg
2_15,../new_data/style:korea/15.jpg,../new_data/cut_style:korea/2_15_E_.jpg,../new_data/cut_style:korea/2_15_Q_.jpg
2_16,../new_data/style:korea/16.jpg,../new_data/cut_style:korea/2_16_E_.jpg,../new_data/cut_style:korea/2_16_Q_.jpg
2_17,../new_data/style:korea/17.jpg,../new_data/cut_style:korea/2_17_E_.jpg,../new_data/cut_style:korea/2_17_Q_.jpg
2_18,../new_data/style:korea/18.jpg,../new_data/cut_style:korea/2_18_E_.jpg,../new_data/cut_style:korea/2_18_Q_.jpg
2_20,../new_data/style:korea/20.jpg,../new_data/cut_style:korea/2_20_E_.jpg,../new_data/cut_style:korea/2_20_Q_.jpg
2_22,../new_data/style:korea/22.jpg,../new_data/cut_style:korea/2_22_E_.jpg,../new_data/cut_style:korea/2_22_Q_.jpg
2_23,../new_data/style:korea/23.jpg,../new_data/cut_style:korea/2_23_E_.jpg,../new_data/cut_style:korea/2_23_Q_.jpg
2_24,../new_data/style:korea/24.jpg,../new_data/cut_style:korea/2_24_E_.jpg,../new_data/cut_style:korea/2_24_Q_.jpg
2_25,../new_data/style:korea/25.jpg,../new_data/cut_style:korea/2_25_E_.jpg,../new_data/cut_style:korea/2_25_Q_.jpg
2_26,../new_data/style:korea/26.jpg,../new_data/cut_style:korea/2_26_E_.jpg,../new_data/cut_style:korea/2_26_Q_.jpg
2_27,../new_data/style:korea/27.jpg,../new_data/cut_style:korea/2_27_E_.jpg,../new_data/cut_style:korea/2_27_Q_.jpg
2_29,../new_data/style:korea/29.jpg,../new_data/cut_style:korea/2_29_E_.jpg,../new_data/cut_style:korea/2_29_Q_.jpg
2_30,../new_data/style:korea/30.jpg,../new_data/cut_style:korea/2_30_E_.jpg,../new_data/cut_style:korea/2_30_Q_.jpg
2_31,../new_data/style:korea/31.jpg,../new_data/cut_style:korea/2_31_E_.jpg,../new_data/cut_style:korea/2_31_Q_.jpg
2_32,../new_data/style:korea/32.jpg,../new_data/cut_style:korea/2_32_E_.jpg,../new_data/cut_style:korea/2_32_Q_.jpg
2_33,../new_data/style:korea/33.jpg,../new_data/cut_style:korea/2_33_E_.jpg,../new_data/cut_style:korea/2_33_Q_.jpg
2_34,../new_data/style:korea/34.jpg,../new_data/cut_style:korea/2_34_E_.jpg,../new_data/cut_style:korea/2_34_Q_.jpg
2_35,../new_data/style:korea/35.jpg,../new_data/cut_style:korea/2_35_E_.jpg,../new_data/cut_style:korea/2_35_Q_.jpg
2_36,../new_data/style:korea/36.jpg,../new_data/cut_style:korea/2_36_E_.jpg,../new_data/cut_style:korea/2_36_Q_.jpg
2_37,../new_data/style:korea/37.jpg,../new_data/cut_style:korea/2_37_E_.jpg,../new_data/cut_style:korea/2_37_Q_.jpg
2_39,../new_data/style:korea/39.jpg,../new_data/cut_style:korea/2_39_E_.jpg,../new_data/cut_style:korea/2_39_Q_.jpg
2_40,../new_data/style:korea/40.jpg,../new_data/cut_style:korea/2_40_E_.jpg,../new_data/cut_style:korea/2_40_Q_.jpg
2_41,../new_data/style:korea/41.jpg,../new_data/cut_style:korea/2_41_E_.jpg,../new_data/cut_style:korea/2_41_Q_.jpg
2_42,../new_data/style:korea/42.jpg,../new_data/cut_style:korea/2_42_E_.jpg,../new_data/cut_style:korea/2_42_Q_.jpg
2_43,../new_data/style:korea/43.jpg,../new_data/cut_style:korea/2_43_E_.jpg,../new_data/cut_style:korea/2_43_Q_.jpg
2_44,../new_data/style:korea/44.jpg,../new_data/cut_style:korea/2_44_E_.jpg,../new_data/cut_style:korea/2_44_Q_.jpg
2_46,../new_data/style:korea/46.jpg,../new_data/cut_style:korea/2_46_E_.jpg,../new_data/cut_style:korea/2_46_Q_.jpg
2_47,../new_data/style:korea/47.jpg,../new_data/cut_style:korea/2_47_E_.jpg,../new_data/cut_style:korea/2_47_Q_.jpg
2_49,../new_data/style:korea/49.jpg,../new_data/cut_style:korea/2_49_E_.jpg,../new_data/cut_style:korea/2_49_Q_.jpg
2_50,../new_data/style:korea/50.jpg,../new_data/cut_style:korea/2_50_E_.jpg,../new_data/cut_style:korea/2_50_Q_.jpg
2_51,../new_data/style:korea/51.jpg,../new_data/cut_style:korea/2_51_E_.jpg,../new_data/cut_style:korea/2_51_Q_.jpg
2_52,../new_data/style:korea/52.jpg,../new_data/cut_style:korea/2_52_E_.jpg,../new_data/cut_style:korea/2_52_Q_.jpg
2_53,../new_data/style:korea/53.jpg,../new_data/cut_style:korea/2_53_E_.jpg,../new_data/cut_style:korea/2_53_Q_.jpg
2_55,../new_data/style:korea/55.jpg,../new_data/cut_style:korea/2_55_E_.jpg,../new_data/cut_style:korea/2_55_Q_.jpg
2_56,../new_data/style:korea/56.jpg,../new_data/cut_style:korea/2_56_E_.jpg,../new_data/cut_style:korea/2_56_Q_.jpg
2_59,../new_data/style:korea/59.jpg,../new_data/cut_style:korea/2_59_E_.jpg,../new_data/cut_style:korea/2_59_Q_.jpg
2_60,../new_data/style:korea/60.jpg,../new_data/cut_style:korea/2_60_E_.jpg,../new_data/cut_style:korea/2_60_Q_.jpg
2_61,../new_data/style:korea/61.jpg,../new_data/cut_style:korea/2_61_E_.jpg,../new_data/cut_style:korea/2_61_Q_.jpg
2_62,../new_data/style:korea/62.jpg,../new_data/cut_style:korea/2_62_E_.jpg,../new_data/cut_style:korea/2_62_Q_.jpg
2_63,../new_data/style:korea/63.jpg,../new_data/cut_style:korea/2_63_E_.jpg,../new_data/cut_style:korea/2_63_Q_.jpg
2_64,../new_data/style:korea/64.jpg,../new_data/cut_style:korea/2_64_E_.jpg,../new_data/cut_style:korea/2_64_Q_.jpg
2_65,../new_data/style:korea/65.jpg,../new_data/cut_style:korea/2_65_E_.jpg,../new_data/cut_style:korea/2_65_Q_.jpg
2_67,../new_data/style:korea/67.jpg,../new_data/cut_style:korea/2_67_E_.jpg,../new_data/cut_style:korea/2_67_Q_.jpg
2_68,../new_data/style:korea/68.jpg,../new_data/cut_style:korea/2_68_E_.jpg,../new_data/cut_style:korea/2_68_Q_.jpg
2_69,../new_data/style:korea/69.jpg,../new_data/cut_style:korea/2_69_E_.jpg,../new_data/cut_style:korea/2_69_Q_.jpg
2_70,../new_data/style:korea/70.jpg,../new_data/cut_style:korea/2_70_E_.jpg,../new_data/cut_style:korea/2_70_Q_.jpg
2_71,../new_data/style:korea/71.jpg,../new_data/cut_style:korea/2_71_E_.jpg,../new_data/cut_style:korea/2_71_Q_.jpg
2_73,../new_data/style:korea/73.jpg,../new_data/cut_style:korea/2_73_E_.jpg,../new_data/cut_style:korea/2_73_Q_.jpg
2_74,../new_data/style:korea/74.jpg,../new_data/cut_style:korea/2_74_E_.jpg,../new_data/cut_style:korea/2_74_Q_.jpg
2_75,../new_data/style:korea/75.jpg,../new_data/cut_style:korea/2_75_E_.jpg,../new_data/cut_style:korea/2_75_Q_.jpg
2_76,../new_data/style:korea/76.jpg,../new_data/cut_style:korea/2_76_E_.jpg,../new_data/cut_style:korea/2_76_Q_.jpg
2_77,../new_data/style:korea/77.jpg,../new_data/cut_style:korea/2_77_E_.jpg,../new_data/cut_style:korea/2_77_Q_.jpg
2_78,../new_data/style:korea/78.jpg,../new_data/cut_style:korea/2_78_E_.jpg,../new_data/cut_style:korea/2_78_Q_.jpg
2_82,../new_data/style:korea/82.jpg,../new_data/cut_style:korea/2_82_E_.jpg,../new_data/cut_style:korea/2_82_Q_.jpg
2_85,../new_data/style:korea/85.jpg,../new_data/cut_style:korea/2_85_E_.jpg,../new_data/cut_style:korea/2_85_Q_.jpg
2_87,../new_data/style:korea/87.jpg,../new_data/cut_style:korea/2_87_E_.jpg,../new_data/cut_style:korea/2_87_Q_.jpg
2_88,../new_data/style:korea/88.jpg,../new_data/cut_style:korea/2_88_E_.jpg,../new_data/cut_style:korea/2_88_Q_.jpg
2_89,../new_data/style:korea/89.jpg,../new_data/cut_style:korea/2_89_E_.jpg,../new_data/cut_style:korea/2_89_Q_.jpg
2_90,../new_data/style:korea/90.jpg,../new_data/cut_style:korea/2_90_E_.jpg,../new_data/cut_style:korea/2_90_Q_.jpg
2_91,../new_data/style:korea/91.jpg,../new_data/cut_style:korea/2_91_E_.jpg,../new_data/cut_style:korea/2_91_Q_.jpg
2_92,../new_data/style:korea/92.jpg,../new_data/cut_style:korea/2_92_E_.jpg,../new_data/cut_style:korea/2_92_Q_.jpg
2_95,../new_data/style:korea/95.jpg,../new_data/cut_style:korea/2_95_E_.jpg,../new_data/cut_style:korea/2_95_Q_.jpg
2_97,../new_data/style:korea/97.jpg,../new_data/cut_style:korea/2_97_E_.jpg,../new_data/cut_style:korea/2_97_Q_.jpg
2_100,../new_data/style:korea/100.jpg,../new_data/cut_style:korea/2_100_E_.jpg,../new_data/cut_style:korea/2_100_Q_.jpg
2_101,../new_data/style:korea/101.jpg,../new_data/cut_style:korea/2_101_E_.jpg,../new_data/cut_style:korea/2_101_Q_.jpg
2_104,../new_data/style:korea/104.jpg,../new_data/cut_style:korea/2_104_E_.jpg,../new_data/cut_style:korea/2_104_Q_.jpg
2_105,../new_data/style:korea/105.jpg,../new_data/cut_style:korea/2_105_E_.jpg,../new_data/cut_style:korea/2_105_Q_.jpg
2_106,../new_data/style:korea/106.jpg,../new_data/cut_style:korea/2_106_E_.jpg,../new_data/cut_style:korea/2_106_Q_.jpg
2_107,../new_data/style:korea/107.jpg,../new_data/cut_style:korea/2_107_E_.jpg,../new_data/cut_style:korea/2_107_Q_.jpg
2_109,../new_data/style:korea/109.jpg,../new_data/cut_style:korea/2_109_E_.jpg,../new_data/cut_style:korea/2_109_Q_.jpg
2_111,../new_data/style:korea/111.jpg,../new_data/cut_style:korea/2_111_E_.jpg,../new_data/cut_style:korea/2_111_Q_.jpg
2_113,../new_data/style:korea/113.jpg,../new_data/cut_style:korea/2_113_E_.jpg,../new_data/cut_style:korea/2_113_Q_.jpg
2_114,../new_data/style:korea/114.jpg,../new_data/cut_style:korea/2_114_E_.jpg,../new_data/cut_style:korea/2_114_Q_.jpg
2_115,../new_data/style:korea/115.jpg,../new_data/cut_style:korea/2_115_E_.jpg,../new_data/cut_style:korea/2_115_Q_.jpg
2_116,../new_data/style:korea/116.jpg,../new_data/cut_style:korea/2_116_E_.jpg,../new_data/cut_style:korea/2_116_Q_.jpg
2_118,../new_data/style:korea/118.jpg,../new_data/cut_style:korea/2_118_E_.jpg,../new_data/cut_style:korea/2_118_Q_.jpg
2_121,../new_data/style:korea/121.jpg,../new_data/cut_style:korea/2_121_E_.jpg,../new_data/cut_style:korea/2_121_Q_.jpg
2_122,../new_data/style:korea/122.jpg,../new_data/cut_style:korea/2_122_E_.jpg,../new_data/cut_style:korea/2_122_Q_.jpg
2_123,../new_data/style:korea/123.jpg,../new_data/cut_style:korea/2_123_E_.jpg,../new_data/cut_style:korea/2_123_Q_.jpg
2_124,../new_data/style:korea/124.jpg,../new_data/cut_style:korea/2_124_E_.jpg,../new_data/cut_style:korea/2_124_Q_.jpg
2_125,../new_data/style:korea/125.jpg,../new_data/cut_style:korea/2_125_E_.jpg,../new_data/cut_style:korea/2_125_Q_.jpg
2_126,../new_data/style:korea/126.jpg,../new_data/cut_style:korea/2_126_E_.jpg,../new_data/cut_style:korea/2_126_Q_.jpg
2_127,../new_data/style:korea/127.jpg,../new_data/cut_style:korea/2_127_E_.jpg,../new_data/cut_style:korea/2_127_Q_.jpg
2_128,../new_data/style:korea/128.jpg,../new_data/cut_style:korea/2_128_E_.jpg,../new_data/cut_style:korea/2_128_Q_.jpg
2_129,../new_data/style:korea/129.jpg,../new_data/cut_style:korea/2_129_E_.jpg,../new_data/cut_style:korea/2_129_Q_.jpg
2_130,../new_data/style:korea/130.jpg,../new_data/cut_style:korea/2_130_E_.jpg,../new_data/cut_style:korea/2_130_Q_.jpg
2_131,../new_data/style:korea/131.jpg,../new_data/cut_style:korea/2_131_E_.jpg,../new_data/cut_style:korea/2_131_Q_.jpg
2_133,../new_data/style:korea/133.jpg,../new_data/cut_style:korea/2_133_E_.jpg,../new_data/cut_style:korea/2_133_Q_.jpg
2_134,../new_data/style:korea/134.jpg,../new_data/cut_style:korea/2_134_E_.jpg,../new_data/cut_style:korea/2_134_Q_.jpg
2_136,../new_data/style:korea/136.jpg,../new_data/cut_style:korea/2_136_E_.jpg,../new_data/cut_style:korea/2_136_Q_.jpg
2_137,../new_data/style:korea/137.jpg,../new_data/cut_style:korea/2_137_E_.jpg,../new_data/cut_style:korea/2_137_Q_.jpg
2_138,../new_data/style:korea/138.jpg,../new_data/cut_style:korea/2_138_E_.jpg,../new_data/cut_style:korea/2_138_Q_.jpg
2_139,../new_data/style:korea/139.jpg,../new_data/cut_style:korea/2_139_E_.jpg,../new_data/cut_style:korea/2_139_Q_.jpg
2_140,../new_data/style:korea/140.jpg,../new_data/cut_style:korea/2_140_E_.jpg,../new_data/cut_style:korea/2_140_Q_.jpg
2_141,../new_data/style:korea/141.jpg,../new_data/cut_style:korea/2_141_E_.jpg,../new_data/cut_style:korea/2_141_Q_.jpg
2_142,../new_data/style:korea/142.jpg,../new_data/cut_style:korea/2_142_E_.jpg,../new_data/cut_style:korea/2_142_Q_.jpg
2_143,../new_data/style:korea/143.jpg,../new_data/cut_style:korea/2_143_E_.jpg,../new_data/cut_style:korea/2_143_Q_.jpg
2_145,../new_data/style:korea/145.jpg,../new_data/cut_style:korea/2_145_E_.jpg,../new_data/cut_style:korea/2_145_Q_.jpg
2_146,../new_data/style:korea/146.jpg,../new_data/cut_style:korea/2_146_E_.jpg,../new_data/cut_style:korea/2_146_Q_.jpg
2_147,../new_data/style:korea/147.jpg,../new_data/cut_style:korea/2_147_E_.jpg,../new_data/cut_style:korea/2_147_Q_.jpg
2_148,../new_data/style:korea/148.jpg,../new_data/cut_style:korea/2_148_E_.jpg,../new_data/cut_style:korea/2_148_Q_.jpg
2_150,../new_data/style:korea/150.jpg,../new_data/cut_style:korea/2_150_E_.jpg,../new_data/cut_style:korea/2_150_Q_.jpg
2_155,../new_data/style:korea/155.jpg,../new_data/cut_style:korea/2_155_E_.jpg,../new_data/cut_style:korea/2_155_Q_.jpg
2_156,../new_data/style:korea/156.jpg,../new_data/cut_style:korea/2_156_E_.jpg,../new_data/cut_style:korea/2_156_Q_.jpg
2_160,../new_data/style:korea/160.jpg,../new_data/cut_style:korea/2_160_E_.jpg,../new_data/cut_style:korea/2_160_Q_.jpg
2_162,../new_data/style:korea/162.jpg,../new_data/cut_style:korea/2_162_E_.jpg,../new_data/cut_style:korea/2_162_Q_.jpg
2_163,../new_data/style:korea/163.jpg,../new_data/cut_style:korea/2_163_E_.jpg,../new_data/cut_style:korea/2_163_Q_.jpg
2_164,../new_data/style:korea/164.jpg,../new_data/cut_style:korea/2_164_E_.jpg,../new_data/cut_style:korea/2_164_Q_.jpg
2_168,../new_data/style:korea/168.jpg,../new_data/cut_style:korea/2_168_E_.jpg,../new_data/cut_style:korea/2_168_Q_.jpg
2_169,../new_data/style:korea/169.jpg,../new_data/cut_style:korea/2_169_E_.jpg,../new_data/cut_style:korea/2_169_Q_.jpg
2_170,../new_data/style:korea/170.jpg,../new_data/cut_style:korea/2_170_E_.jpg,../new_data/cut_style:korea/2_170_Q_.jpg
2_172,../new_data/style:korea/172.jpg,../new_data/cut_style:korea/2_172_E_.jpg,../new_data/cut_style:korea/2_172_Q_.jpg
2_173,../new_data/style:korea/173.jpg,../new_data/cut_style:korea/2_173_E_.jpg,../new_data/cut_style:korea/2_173_Q_.jpg
2_174,../new_data/style:korea/174.jpg,../new_data/cut_style:korea/2_174_E_.jpg,../new_data/cut_style:korea/2_174_Q_.jpg
2_175,../new_data/style:korea/175.jpg,../new_data/cut_style:korea/2_175_E_.jpg,../new_data/cut_style:korea/2_175_Q_.jpg
2_176,../new_data/style:korea/176.jpg,../new_data/cut_style:korea/2_176_E_.jpg,../new_data/cut_style:korea/2_176_Q_.jpg
2_177,../new_data/style:korea/177.jpg,../new_data/cut_style:korea/2_177_E_.jpg,../new_data/cut_style:korea/2_177_Q_.jpg
2_178,../new_data/style:korea/178.jpg,../new_data/cut_style:korea/2_178_E_.jpg,../new_data/cut_style:korea/2_178_Q_.jpg
2_179,../new_data/style:korea/179.jpg,../new_data/cut_style:korea/2_179_E_.jpg,../new_data/cut_style:korea/2_179_Q_.jpg
2_180,../new_data/style:korea/180.jpg,../new_data/cut_style:korea/2_180_E_.jpg,../new_data/cut_style:korea/2_180_Q_.jpg
2_181,../new_data/style:korea/181.jpg,../new_data/cut_style:korea/2_181_E_.jpg,../new_data/cut_style:korea/2_181_Q_.jpg
2_182,../new_data/style:korea/182.jpg,../new_data/cut_style:korea/2_182_E_.jpg,../new_data/cut_style:korea/2_182_Q_.jpg
2_184,../new_data/style:korea/184.jpg,../new_data/cut_style:korea/2_184_E_.jpg,../new_data/cut_style:korea/2_184_Q_.jpg
2_185,../new_data/style:korea/185.jpg,../new_data/cut_style:korea/2_185_E_.jpg,../new_data/cut_style:korea/2_185_Q_.jpg
2_186,../new_data/style:korea/186.jpg,../new_data/cut_style:korea/2_186_E_.jpg,../new_data/cut_style:korea/2_186_Q_.jpg
2_187,../new_data/style:korea/187.jpg,../new_data/cut_style:korea/2_187_E_.jpg,../new_data/cut_style:korea/2_187_Q_.jpg
2_188,../new_data/style:korea/188.jpg,../new_data/cut_style:korea/2_188_E_.jpg,../new_data/cut_style:korea/2_188_Q_.jpg
2_189,../new_data/style:korea/189.jpg,../new_data/cut_style:korea/2_189_E_.jpg,../new_data/cut_style:korea/2_189_Q_.jpg
2_190,../new_data/style:korea/190.jpg,../new_data/cut_style:korea/2_190_E_.jpg,../new_data/cut_style:korea/2_190_Q_.jpg
2_191,../new_data/style:korea/191.jpg,../new_data/cut_style:korea/2_191_E_.jpg,../new_data/cut_style:korea/2_191_Q_.jpg
2_192,../new_data/style:korea/192.jpg,../new_data/cut_style:korea/2_192_E_.jpg,../new_data/cut_style:korea/2_192_Q_.jpg
2_197,../new_data/style:korea/197.jpg,../new_data/cut_style:korea/2_197_E_.jpg,../new_data/cut_style:korea/2_197_Q_.jpg
2_199,../new_data/style:korea/199.jpg,../new_data/cut_style:korea/2_199_E_.jpg,../new_data/cut_style:korea/2_199_Q_.jpg
2_201,../new_data/style:korea/201.jpg,../new_data/cut_style:korea/2_201_E_.jpg,../new_data/cut_style:korea/2_201_Q_.jpg
2_202,../new_data/style:korea/202.jpg,../new_data/cut_style:korea/2_202_E_.jpg,../new_data/cut_style:korea/2_202_Q_.jpg
2_204,../new_data/style:korea/204.jpg,../new_data/cut_style:korea/2_204_E_.jpg,../new_data/cut_style:korea/2_204_Q_.jpg
2_205,../new_data/style:korea/205.jpg,../new_data/cut_style:korea/2_205_E_.jpg,../new_data/cut_style:korea/2_205_Q_.jpg
2_209,../new_data/style:korea/209.jpg,../new_data/cut_style:korea/2_209_E_.jpg,../new_data/cut_style:korea/2_209_Q_.jpg
2_210,../new_data/style:korea/210.jpg,../new_data/cut_style:korea/2_210_E_.jpg,../new_data/cut_style:korea/2_210_Q_.jpg
2_211,../new_data/style:korea/211.jpg,../new_data/cut_style:korea/2_211_E_.jpg,../new_data/cut_style:korea/2_211_Q_.jpg
2_212,../new_data/style:korea/212.jpg,../new_data/cut_style:korea/2_212_E_.jpg,../new_data/cut_style:korea/2_212_Q_.jpg
2_213,../new_data/style:korea/213.jpg,../new_data/cut_style:korea/2_213_E_.jpg,../new_data/cut_style:korea/2_213_Q_.jpg
2_214,../new_data/style:korea/214.jpg,../new_data/cut_style:korea/2_214_E_.jpg,../new_data/cut_style:korea/2_214_Q_.jpg
2_215,../new_data/style:korea/215.jpg,../new_data/cut_style:korea/2_215_E_.jpg,../new_data/cut_style:korea/2_215_Q_.jpg
2_217,../new_data/style:korea/217.jpg,../new_data/cut_style:korea/2_217_E_.jpg,../new_data/cut_style:korea/2_217_Q_.jpg
2_218,../new_data/style:korea/218.jpg,../new_data/cut_style:korea/2_218_E_.jpg,../new_data/cut_style:korea/2_218_Q_.jpg
2_220,../new_data/style:korea/220.jpg,../new_data/cut_style:korea/2_220_E_.jpg,../new_data/cut_style:korea/2_220_Q_.jpg
2_221,../new_data/style:korea/221.jpg,../new_data/cut_style:korea/2_221_E_.jpg,../new_data/cut_style:korea/2_221_Q_.jpg
2_222,../new_data/style:korea/222.jpg,../new_data/cut_style:korea/2_222_E_.jpg,../new_data/cut_style:korea/2_222_Q_.jpg
2_223,../new_data/style:korea/223.jpg,../new_data/cut_style:korea/2_223_E_.jpg,../new_data/cut_style:korea/2_223_Q_.jpg
2_224,../new_data/style:korea/224.jpg,../new_data/cut_style:korea/2_224_E_.jpg,../new_data/cut_style:korea/2_224_Q_.jpg
2_225,../new_data/style:korea/225.jpg,../new_data/cut_style:korea/2_225_E_.jpg,../new_data/cut_style:korea/2_225_Q_.jpg
2_227,../new_data/style:korea/227.jpg,../new_data/cut_style:korea/2_227_E_.jpg,../new_data/cut_style:korea/2_227_Q_.jpg
2_228,../new_data/style:korea/228.jpg,../new_data/cut_style:korea/2_228_E_.jpg,../new_data/cut_style:korea/2_228_Q_.jpg
2_230,../new_data/style:korea/230.jpg,../new_data/cut_style:korea/2_230_E_.jpg,../new_data/cut_style:korea/2_230_Q_.jpg
2_231,../new_data/style:korea/231.jpg,../new_data/cut_style:korea/2_231_E_.jpg,../new_data/cut_style:korea/2_231_Q_.jpg
2_232,../new_data/style:korea/232.jpg,../new_data/cut_style:korea/2_232_E_.jpg,../new_data/cut_style:korea/2_232_Q_.jpg
2_233,../new_data/style:korea/233.jpg,../new_data/cut_style:korea/2_233_E_.jpg,../new_data/cut_style:korea/2_233_Q_.jpg
2_234,../new_data/style:korea/234.jpg,../new_data/cut_style:korea/2_234_E_.jpg,../new_data/cut_style:korea/2_234_Q_.jpg
2_235,../new_data/style:korea/235.jpg,../new_data/cut_style:korea/2_235_E_.jpg,../new_data/cut_style:korea/2_235_Q_.jpg
2_236,../new_data/style:korea/236.jpg,../new_data/cut_style:korea/2_236_E_.jpg,../new_data/cut_style:korea/2_236_Q_.jpg
2_237,../new_data/style:korea/237.jpg,../new_data/cut_style:korea/2_237_E_.jpg,../new_data/cut_style:korea/2_237_Q_.jpg
2_238,../new_data/style:korea/238.jpg,../new_data/cut_style:korea/2_238_E_.jpg,../new_data/cut_style:korea/2_238_Q_.jpg
2_239,../new_data/style:korea/239.jpg,../new_data/cut_style:korea/2_239_E_.jpg,../new_data/cut_style:korea/2_239_Q_.jpg
2_240,../new_data/style:korea/240.jpg,../new_data/cut_style:korea/2_240_E_.jpg,../new_data/cut_style:korea/2_240_Q_.jpg
2_241,../new_data/style:korea/241.jpg,../new_data/cut_style:korea/2_241_E_.jpg,../new_data/cut_style:korea/2_241_Q_.jpg
2_242,../new_data/style:korea/242.jpg,../new_data/cut_style:korea/2_242_E_.jpg,../new_data/cut_style:korea/2_242_Q_.jpg
2_243,../new_data/style:korea/243.jpg,../new_data/cut_style:korea/2_243_E_.jpg,../new_data/cut_style:korea/2_243_Q_.jpg
2_245,../new_data/style:korea/245.jpg,../new_data/cut_style:korea/2_245_E_.jpg,../new_data/cut_style:korea/2_245_Q_.jpg
2_246,../new_data/style:korea/246.jpg,../new_data/cut_style:korea/2_246_E_.jpg,../new_data/cut_style:korea/2_246_Q_.jpg
2_247,../new_data/style:korea/247.jpg,../new_data/cut_style:korea/2_247_E_.jpg,../new_data/cut_style:korea/2_247_Q_.jpg
2_248,../new_data/style:korea/248.jpg,../new_data/cut_style:korea/2_248_E_.jpg,../new_data/cut_style:korea/2_248_Q_.jpg
2_254,../new_data/style:korea/254.jpg,../new_data/cut_style:korea/2_254_E_.jpg,../new_data/cut_style:korea/2_254_Q_.jpg
2_256,../new_data/style:korea/256.jpg,../new_data/cut_style:korea/2_256_E_.jpg,../new_data/cut_style:korea/2_256_Q_.jpg
2_259,../new_data/style:korea/259.jpg,../new_data/cut_style:korea/2_259_E_.jpg,../new_data/cut_style:korea/2_259_Q_.jpg
2_263,../new_data/style:korea/263.jpg,../new_data/cut_style:korea/2_263_E_.jpg,../new_data/cut_style:korea/2_263_Q_.jpg
2_264,../new_data/style:korea/264.jpg,../new_data/cut_style:korea/2_264_E_.jpg,../new_data/cut_style:korea/2_264_Q_.jpg
2_267,../new_data/style:korea/267.jpg,../new_data/cut_style:korea/2_267_E_.jpg,../new_data/cut_style:korea/2_267_Q_.jpg
2_268,../new_data/style:korea/268.jpg,../new_data/cut_style:korea/2_268_E_.jpg,../new_data/cut_style:korea/2_268_Q_.jpg
2_269,../new_data/style:korea/269.jpg,../new_data/cut_style:korea/2_269_E_.jpg,../new_data/cut_style:korea/2_269_Q_.jpg
2_272,../new_data/style:korea/272.jpg,../new_data/cut_style:korea/2_272_E_.jpg,../new_data/cut_style:korea/2_272_Q_.jpg
2_273,../new_data/style:korea/273.jpg,../new_data/cut_style:korea/2_273_E_.jpg,../new_data/cut_style:korea/2_273_Q_.jpg
2_274,../new_data/style:korea/274.jpg,../new_data/cut_style:korea/2_274_E_.jpg,../new_data/cut_style:korea/2_274_Q_.jpg
2_275,../new_data/style:korea/275.jpg,../new_data/cut_style:korea/2_275_E_.jpg,../new_data/cut_style:korea/2_275_Q_.jpg
2_276,../new_data/style:korea/276.jpg,../new_data/cut_style:korea/2_276_E_.jpg,../new_data/cut_style:korea/2_276_Q_.jpg
2_277,../new_data/style:korea/277.jpg,../new_data/cut_style:korea/2_277_E_.jpg,../new_data/cut_style:korea/2_277_Q_.jpg
2_278,../new_data/style:korea/278.jpg,../new_data/cut_style:korea/2_278_E_.jpg,../new_data/cut_style:korea/2_278_Q_.jpg
2_279,../new_data/style:korea/279.jpg,../new_data/cut_style:korea/2_279_E_.jpg,../new_data/cut_style:korea/2_279_Q_.jpg
2_280,../new_data/style:korea/280.jpg,../new_data/cut_style:korea/2_280_E_.jpg,../new_data/cut_style:korea/2_280_Q_.jpg
2_281,../new_data/style:korea/281.jpg,../new_data/cut_style:korea/2_281_E_.jpg,../new_data/cut_style:korea/2_281_Q_.jpg
2_283,../new_data/style:korea/283.jpg,../new_data/cut_style:korea/2_283_E_.jpg,../new_data/cut_style:korea/2_283_Q_.jpg
2_284,../new_data/style:korea/284.jpg,../new_data/cut_style:korea/2_284_E_.jpg,../new_data/cut_style:korea/2_284_Q_.jpg
2_286,../new_data/style:korea/286.jpg,../new_data/cut_style:korea/2_286_E_.jpg,../new_data/cut_style:korea/2_286_Q_.jpg
2_287,../new_data/style:korea/287.jpg,../new_data/cut_style:korea/2_287_E_.jpg,../new_data/cut_style:korea/2_287_Q_.jpg
2_289,../new_data/style:korea/289.jpg,../new_data/cut_style:korea/2_289_E_.jpg,../new_data/cut_style:korea/2_289_Q_.jpg
2_290,../new_data/style:korea/290.jpg,../new_data/cut_style:korea/2_290_E_.jpg,../new_data/cut_style:korea/2_290_Q_.jpg
2_291,../new_data/style:korea/291.jpg,../new_data/cut_style:korea/2_291_E_.jpg,../new_data/cut_style:korea/2_291_Q_.jpg
2_292,../new_data/style:korea/292.jpg,../new_data/cut_style:korea/2_292_E_.jpg,../new_data/cut_style:korea/2_292_Q_.jpg
2_293,../new_data/style:korea/293.jpg,../new_data/cut_style:korea/2_293_E_.jpg,../new_data/cut_style:korea/2_293_Q_.jpg
2_295,../new_data/style:korea/295.jpg,../new_data/cut_style:korea/2_295_E_.jpg,../new_data/cut_style:korea/2_295_Q_.jpg
2_296,../new_data/style:korea/296.jpg,../new_data/cut_style:korea/2_296_E_.jpg,../new_data/cut_style:korea/2_296_Q_.jpg
2_297,../new_data/style:korea/297.jpg,../new_data/cut_style:korea/2_297_E_.jpg,../new_data/cut_style:korea/2_297_Q_.jpg
2_298,../new_data/style:korea/298.jpg,../new_data/cut_style:korea/2_298_E_.jpg,../new_data/cut_style:korea/2_298_Q_.jpg
2_299,../new_data/style:korea/299.jpg,../new_data/cut_style:korea/2_299_E_.jpg,../new_data/cut_style:korea/2_299_Q_.jpg
2_300,../new_data/style:korea/300.jpg,../new_data/cut_style:korea/2_300_E_.jpg,../new_data/cut_style:korea/2_300_Q_.jpg
2_302,../new_data/style:korea/302.jpg,../new_data/cut_style:korea/2_302_E_.jpg,../new_data/cut_style:korea/2_302_Q_.jpg
2_303,../new_data/style:korea/303.jpg,../new_data/cut_style:korea/2_303_E_.jpg,../new_data/cut_style:korea/2_303_Q_.jpg
2_305,../new_data/style:korea/305.jpg,../new_data/cut_style:korea/2_305_E_.jpg,../new_data/cut_style:korea/2_305_Q_.jpg
2_306,../new_data/style:korea/306.jpg,../new_data/cut_style:korea/2_306_E_.jpg,../new_data/cut_style:korea/2_306_Q_.jpg
2_307,../new_data/style:korea/307.jpg,../new_data/cut_style:korea/2_307_E_.jpg,../new_data/cut_style:korea/2_307_Q_.jpg
2_308,../new_data/style:korea/308.jpg,../new_data/cut_style:korea/2_308_E_.jpg,../new_data/cut_style:korea/2_308_Q_.jpg
2_309,../new_data/style:korea/309.jpg,../new_data/cut_style:korea/2_309_E_.jpg,../new_data/cut_style:korea/2_309_Q_.jpg
2_312,../new_data/style:korea/312.jpg,../new_data/cut_style:korea/2_312_E_.jpg,../new_data/cut_style:korea/2_312_Q_.jpg
2_313,../new_data/style:korea/313.jpg,../new_data/cut_style:korea/2_313_E_.jpg,../new_data/cut_style:korea/2_313_Q_.jpg
2_315,../new_data/style:korea/315.jpg,../new_data/cut_style:korea/2_315_E_.jpg,../new_data/cut_style:korea/2_315_Q_.jpg
2_316,../new_data/style:korea/316.jpg,../new_data/cut_style:korea/2_316_E_.jpg,../new_data/cut_style:korea/2_316_Q_.jpg
2_317,../new_data/style:korea/317.jpg,../new_data/cut_style:korea/2_317_E_.jpg,../new_data/cut_style:korea/2_317_Q_.jpg
2_319,../new_data/style:korea/319.jpg,../new_data/cut_style:korea/2_319_E_.jpg,../new_data/cut_style:korea/2_319_Q_.jpg
2_320,../new_data/style:korea/320.jpg,../new_data/cut_style:korea/2_320_E_.jpg,../new_data/cut_style:korea/2_320_Q_.jpg
2_321,../new_data/style:korea/321.jpg,../new_data/cut_style:korea/2_321_E_.jpg,../new_data/cut_style:korea/2_321_Q_.jpg
2_325,../new_data/style:korea/325.jpg,../new_data/cut_style:korea/2_325_E_.jpg,../new_data/cut_style:korea/2_325_Q_.jpg
2_327,../new_data/style:korea/327.jpg,../new_data/cut_style:korea/2_327_E_.jpg,../new_data/cut_style:korea/2_327_Q_.jpg
2_328,../new_data/style:korea/328.jpg,../new_data/cut_style:korea/2_328_E_.jpg,../new_data/cut_style:korea/2_328_Q_.jpg
2_329,../new_data/style:korea/329.jpg,../new_data/cut_style:korea/2_329_E_.jpg,../new_data/cut_style:korea/2_329_Q_.jpg
2_330,../new_data/style:korea/330.jpg,../new_data/cut_style:korea/2_330_E_.jpg,../new_data/cut_style:korea/2_330_Q_.jpg
2_331,../new_data/style:korea/331.jpg,../new_data/cut_style:korea/2_331_E_.jpg,../new_data/cut_style:korea/2_331_Q_.jpg
2_332,../new_data/style:korea/332.jpg,../new_data/cut_style:korea/2_332_E_.jpg,../new_data/cut_style:korea/2_332_Q_.jpg
2_335,../new_data/style:korea/335.jpg,../new_data/cut_style:korea/2_335_E_.jpg,../new_data/cut_style:korea/2_335_Q_.jpg
2_336,../new_data/style:korea/336.jpg,../new_data/cut_style:korea/2_336_E_.jpg,../new_data/cut_style:korea/2_336_Q_.jpg
2_337,../new_data/style:korea/337.jpg,../new_data/cut_style:korea/2_337_E_.jpg,../new_data/cut_style:korea/2_337_Q_.jpg
2_338,../new_data/style:korea/338.jpg,../new_data/cut_style:korea/2_338_E_.jpg,../new_data/cut_style:korea/2_338_Q_.jpg
2_340,../new_data/style:korea/340.jpg,../new_data/cut_style:korea/2_340_E_.jpg,../new_data/cut_style:korea/2_340_Q_.jpg
2_341,../new_data/style:korea/341.jpg,../new_data/cut_style:korea/2_341_E_.jpg,../new_data/cut_style:korea/2_341_Q_.jpg
2_342,../new_data/style:korea/342.jpg,../new_data/cut_style:korea/2_342_E_.jpg,../new_data/cut_style:korea/2_342_Q_.jpg
2_343,../new_data/style:korea/343.jpg,../new_data/cut_style:korea/2_343_E_.jpg,../new_data/cut_style:korea/2_343_Q_.jpg
2_344,../new_data/style:korea/344.jpg,../new_data/cut_style:korea/2_344_E_.jpg,../new_data/cut_style:korea/2_344_Q_.jpg
2_345,../new_data/style:korea/345.jpg,../new_data/cut_style:korea/2_345_E_.jpg,../new_data/cut_style:korea/2_345_Q_.jpg
2_347,../new_data/style:korea/347.jpg,../new_data/cut_style:korea/2_347_E_.jpg,../new_data/cut_style:korea/2_347_Q_.jpg
2_348,../new_data/style:korea/348.jpg,../new_data/cut_style:korea/2_348_E_.jpg,../new_data/cut_style:korea/2_348_Q_.jpg
2_349,../new_data/style:korea/349.jpg,../new_data/cut_style:korea/2_349_E_.jpg,../new_data/cut_style:korea/2_349_Q_.jpg
2_351,../new_data/style:korea/351.jpg,../new_data/cut_style:korea/2_351_E_.jpg,../new_data/cut_style:korea/2_351_Q_.jpg
2_352,../new_data/style:korea/352.jpg,../new_data/cut_style:korea/2_352_E_.jpg,../new_data/cut_style:korea/2_352_Q_.jpg
2_354,../new_data/style:korea/354.jpg,../new_data/cut_style:korea/2_354_E_.jpg,../new_data/cut_style:korea/2_354_Q_.jpg
2_355,../new_data/style:korea/355.jpg,../new_data/cut_style:korea/2_355_E_.jpg,../new_data/cut_style:korea/2_355_Q_.jpg
2_356,../new_data/style:korea/356.jpg,../new_data/cut_style:korea/2_356_E_.jpg,../new_data/cut_style:korea/2_356_Q_.jpg
2_357,../new_data/style:korea/357.jpg,../new_data/cut_style:korea/2_357_E_.jpg,../new_data/cut_style:korea/2_357_Q_.jpg
2_362,../new_data/style:korea/362.jpg,../new_data/cut_style:korea/2_362_E_.jpg,../new_data/cut_style:korea/2_362_Q_.jpg
2_364,../new_data/style:korea/364.jpg,../new_data/cut_style:korea/2_364_E_.jpg,../new_data/cut_style:korea/2_364_Q_.jpg
2_365,../new_data/style:korea/365.jpg,../new_data/cut_style:korea/2_365_E_.jpg,../new_data/cut_style:korea/2_365_Q_.jpg
2_366,../new_data/style:korea/366.jpg,../new_data/cut_style:korea/2_366_E_.jpg,../new_data/cut_style:korea/2_366_Q_.jpg
2_368,../new_data/style:korea/368.jpg,../new_data/cut_style:korea/2_368_E_.jpg,../new_data/cut_style:korea/2_368_Q_.jpg
2_369,../new_data/style:korea/369.jpg,../new_data/cut_style:korea/2_369_E_.jpg,../new_data/cut_style:korea/2_369_Q_.jpg
2_370,../new_data/style:korea/370.jpg,../new_data/cut_style:korea/2_370_E_.jpg,../new_data/cut_style:korea/2_370_Q_.jpg
2_371,../new_data/style:korea/371.jpg,../new_data/cut_style:korea/2_371_E_.jpg,../new_data/cut_style:korea/2_371_Q_.jpg
2_372,../new_data/style:korea/372.jpg,../new_data/cut_style:korea/2_372_E_.jpg,../new_data/cut_style:korea/2_372_Q_.jpg
2_373,../new_data/style:korea/373.jpg,../new_data/cut_style:korea/2_373_E_.jpg,../new_data/cut_style:korea/2_373_Q_.jpg
2_374,../new_data/style:korea/374.jpg,../new_data/cut_style:korea/2_374_E_.jpg,../new_data/cut_style:korea/2_374_Q_.jpg
2_375,../new_data/style:korea/375.jpg,../new_data/cut_style:korea/2_375_E_.jpg,../new_data/cut_style:korea/2_375_Q_.jpg
2_376,../new_data/style:korea/376.jpg,../new_data/cut_style:korea/2_376_E_.jpg,../new_data/cut_style:korea/2_376_Q_.jpg
2_377,../new_data/style:korea/377.jpg,../new_data/cut_style:korea/2_377_E_.jpg,../new_data/cut_style:korea/2_377_Q_.jpg
2_378,../new_data/style:korea/378.jpg,../new_data/cut_style:korea/2_378_E_.jpg,../new_data/cut_style:korea/2_378_Q_.jpg
2_380,../new_data/style:korea/380.jpg,../new_data/cut_style:korea/2_380_E_.jpg,../new_data/cut_style:korea/2_380_Q_.jpg
2_383,../new_data/style:korea/383.jpg,../new_data/cut_style:korea/2_383_E_.jpg,../new_data/cut_style:korea/2_383_Q_.jpg
2_384,../new_data/style:korea/384.jpg,../new_data/cut_style:korea/2_384_E_.jpg,../new_data/cut_style:korea/2_384_Q_.jpg
2_388,../new_data/style:korea/388.jpg,../new_data/cut_style:korea/2_388_E_.jpg,../new_data/cut_style:korea/2_388_Q_.jpg
2_389,../new_data/style:korea/389.jpg,../new_data/cut_style:korea/2_389_E_.jpg,../new_data/cut_style:korea/2_389_Q_.jpg
2_390,../new_data/style:korea/390.jpg,../new_data/cut_style:korea/2_390_E_.jpg,../new_data/cut_style:korea/2_390_Q_.jpg
2_394,../new_data/style:korea/394.jpg,../new_data/cut_style:korea/2_394_E_.jpg,../new_data/cut_style:korea/2_394_Q_.jpg
2_395,../new_data/style:korea/395.jpg,../new_data/cut_style:korea/2_395_E_.jpg,../new_data/cut_style:korea/2_395_Q_.jpg
2_396,../new_data/style:korea/396.jpg,../new_data/cut_style:korea/2_396_E_.jpg,../new_data/cut_style:korea/2_396_Q_.jpg
2_397,../new_data/style:korea/397.jpg,../new_data/cut_style:korea/2_397_E_.jpg,../new_data/cut_style:korea/2_397_Q_.jpg
2_402,../new_data/style:korea/402.jpg,../new_data/cut_style:korea/2_402_E_.jpg,../new_data/cut_style:korea/2_402_Q_.jpg
2_403,../new_data/style:korea/403.jpg,../new_data/cut_style:korea/2_403_E_.jpg,../new_data/cut_style:korea/2_403_Q_.jpg
2_404,../new_data/style:korea/404.jpg,../new_data/cut_style:korea/2_404_E_.jpg,../new_data/cut_style:korea/2_404_Q_.jpg
2_405,../new_data/style:korea/405.jpg,../new_data/cut_style:korea/2_405_E_.jpg,../new_data/cut_style:korea/2_405_Q_.jpg
2_406,../new_data/style:korea/406.jpg,../new_data/cut_style:korea/2_406_E_.jpg,../new_data/cut_style:korea/2_406_Q_.jpg
2_407,../new_data/style:korea/407.jpg,../new_data/cut_style:korea/2_407_E_.jpg,../new_data/cut_style:korea/2_407_Q_.jpg
2_408,../new_data/style:korea/408.jpg,../new_data/cut_style:korea/2_408_E_.jpg,../new_data/cut_style:korea/2_408_Q_.jpg
2_410,../new_data/style:korea/410.jpg,../new_data/cut_style:korea/2_410_E_.jpg,../new_data/cut_style:korea/2_410_Q_.jpg
2_411,../new_data/style:korea/411.jpg,../new_data/cut_style:korea/2_411_E_.jpg,../new_data/cut_style:korea/2_411_Q_.jpg
2_414,../new_data/style:korea/414.jpg,../new_data/cut_style:korea/2_414_E_.jpg,../new_data/cut_style:korea/2_414_Q_.jpg
2_415,../new_data/style:korea/415.jpg,../new_data/cut_style:korea/2_415_E_.jpg,../new_data/cut_style:korea/2_415_Q_.jpg
2_416,../new_data/style:korea/416.jpg,../new_data/cut_style:korea/2_416_E_.jpg,../new_data/cut_style:korea/2_416_Q_.jpg
2_417,../new_data/style:korea/417.jpg,../new_data/cut_style:korea/2_417_E_.jpg,../new_data/cut_style:korea/2_417_Q_.jpg
2_418,../new_data/style:korea/418.jpg,../new_data/cut_style:korea/2_418_E_.jpg,../new_data/cut_style:korea/2_418_Q_.jpg
2_419,../new_data/style:korea/419.jpg,../new_data/cut_style:korea/2_419_E_.jpg,../new_data/cut_style:korea/2_419_Q_.jpg
2_421,../new_data/style:korea/421.jpg,../new_data/cut_style:korea/2_421_E_.jpg,../new_data/cut_style:korea/2_421_Q_.jpg
2_422,../new_data/style:korea/422.jpg,../new_data/cut_style:korea/2_422_E_.jpg,../new_data/cut_style:korea/2_422_Q_.jpg
2_423,../new_data/style:korea/423.jpg,../new_data/cut_style:korea/2_423_E_.jpg,../new_data/cut_style:korea/2_423_Q_.jpg
2_424,../new_data/style:korea/424.jpg,../new_data/cut_style:korea/2_424_E_.jpg,../new_data/cut_style:korea/2_424_Q_.jpg
2_425,../new_data/style:korea/425.jpg,../new_data/cut_style:korea/2_425_E_.jpg,../new_data/cut_style:korea/2_425_Q_.jpg
2_426,../new_data/style:korea/426.jpg,../new_data/cut_style:korea/2_426_E_.jpg,../new_data/cut_style:korea/2_426_Q_.jpg
2_429,../new_data/style:korea/429.jpg,../new_data/cut_style:korea/2_429_E_.jpg,../new_data/cut_style:korea/2_429_Q_.jpg
2_432,../new_data/style:korea/432.jpg,../new_data/cut_style:korea/2_432_E_.jpg,../new_data/cut_style:korea/2_432_Q_.jpg
2_433,../new_data/style:korea/433.jpg,../new_data/cut_style:korea/2_433_E_.jpg,../new_data/cut_style:korea/2_433_Q_.jpg
2_434,../new_data/style:korea/434.jpg,../new_data/cut_style:korea/2_434_E_.jpg,../new_data/cut_style:korea/2_434_Q_.jpg
2_435,../new_data/style:korea/435.jpg,../new_data/cut_style:korea/2_435_E_.jpg,../new_data/cut_style:korea/2_435_Q_.jpg
2_436,../new_data/style:korea/436.jpg,../new_data/cut_style:korea/2_436_E_.jpg,../new_data/cut_style:korea/2_436_Q_.jpg
2_437,../new_data/style:korea/437.jpg,../new_data/cut_style:korea/2_437_E_.jpg,../new_data/cut_style:korea/2_437_Q_.jpg
2_438,../new_data/style:korea/438.jpg,../new_data/cut_style:korea/2_438_E_.jpg,../new_data/cut_style:korea/2_438_Q_.jpg
2_439,../new_data/style:korea/439.jpg,../new_data/cut_style:korea/2_439_E_.jpg,../new_data/cut_style:korea/2_439_Q_.jpg
2_441,../new_data/style:korea/441.jpg,../new_data/cut_style:korea/2_441_E_.jpg,../new_data/cut_style:korea/2_441_Q_.jpg
2_442,../new_data/style:korea/442.jpg,../new_data/cut_style:korea/2_442_E_.jpg,../new_data/cut_style:korea/2_442_Q_.jpg
2_443,../new_data/style:korea/443.jpg,../new_data/cut_style:korea/2_443_E_.jpg,../new_data/cut_style:korea/2_443_Q_.jpg
2_444,../new_data/style:korea/444.jpg,../new_data/cut_style:korea/2_444_E_.jpg,../new_data/cut_style:korea/2_444_Q_.jpg
2_446,../new_data/style:korea/446.jpg,../new_data/cut_style:korea/2_446_E_.jpg,../new_data/cut_style:korea/2_446_Q_.jpg
2_447,../new_data/style:korea/447.jpg,../new_data/cut_style:korea/2_447_E_.jpg,../new_data/cut_style:korea/2_447_Q_.jpg
2_448,../new_data/style:korea/448.jpg,../new_data/cut_style:korea/2_448_E_.jpg,../new_data/cut_style:korea/2_448_Q_.jpg
2_451,../new_data/style:korea/451.jpg,../new_data/cut_style:korea/2_451_E_.jpg,../new_data/cut_style:korea/2_451_Q_.jpg
2_452,../new_data/style:korea/452.jpg,../new_data/cut_style:korea/2_452_E_.jpg,../new_data/cut_style:korea/2_452_Q_.jpg
2_455,../new_data/style:korea/455.jpg,../new_data/cut_style:korea/2_455_E_.jpg,../new_data/cut_style:korea/2_455_Q_.jpg
2_456,../new_data/style:korea/456.jpg,../new_data/cut_style:korea/2_456_E_.jpg,../new_data/cut_style:korea/2_456_Q_.jpg
2_457,../new_data/style:korea/457.jpg,../new_data/cut_style:korea/2_457_E_.jpg,../new_data/cut_style:korea/2_457_Q_.jpg
2_459,../new_data/style:korea/459.jpg,../new_data/cut_style:korea/2_459_E_.jpg,../new_data/cut_style:korea/2_459_Q_.jpg
2_460,../new_data/style:korea/460.jpg,../new_data/cut_style:korea/2_460_E_.jpg,../new_data/cut_style:korea/2_460_Q_.jpg
2_461,../new_data/style:korea/461.jpg,../new_data/cut_style:korea/2_461_E_.jpg,../new_data/cut_style:korea/2_461_Q_.jpg
2_463,../new_data/style:korea/463.jpg,../new_data/cut_style:korea/2_463_E_.jpg,../new_data/cut_style:korea/2_463_Q_.jpg
2_465,../new_data/style:korea/465.jpg,../new_data/cut_style:korea/2_465_E_.jpg,../new_data/cut_style:korea/2_465_Q_.jpg
2_467,../new_data/style:korea/467.jpg,../new_data/cut_style:korea/2_467_E_.jpg,../new_data/cut_style:korea/2_467_Q_.jpg
2_468,../new_data/style:korea/468.jpg,../new_data/cut_style:korea/2_468_E_.jpg,../new_data/cut_style:korea/2_468_Q_.jpg
2_469,../new_data/style:korea/469.jpg,../new_data/cut_style:korea/2_469_E_.jpg,../new_data/cut_style:korea/2_469_Q_.jpg
2_470,../new_data/style:korea/470.jpg,../new_data/cut_style:korea/2_470_E_.jpg,../new_data/cut_style:korea/2_470_Q_.jpg
2_471,../new_data/style:korea/471.jpg,../new_data/cut_style:korea/2_471_E_.jpg,../new_data/cut_style:korea/2_471_Q_.jpg
2_472,../new_data/style:korea/472.jpg,../new_data/cut_style:korea/2_472_E_.jpg,../new_data/cut_style:korea/2_472_Q_.jpg
2_475,../new_data/style:korea/475.jpg,../new_data/cut_style:korea/2_475_E_.jpg,../new_data/cut_style:korea/2_475_Q_.jpg
2_476,../new_data/style:korea/476.jpg,../new_data/cut_style:korea/2_476_E_.jpg,../new_data/cut_style:korea/2_476_Q_.jpg
2_477,../new_data/style:korea/477.jpg,../new_data/cut_style:korea/2_477_E_.jpg,../new_data/cut_style:korea/2_477_Q_.jpg
2_478,../new_data/style:korea/478.jpg,../new_data/cut_style:korea/2_478_E_.jpg,../new_data/cut_style:korea/2_478_Q_.jpg
2_479,../new_data/style:korea/479.jpg,../new_data/cut_style:korea/2_479_E_.jpg,../new_data/cut_style:korea/2_479_Q_.jpg
2_482,../new_data/style:korea/482.jpg,../new_data/cut_style:korea/2_482_E_.jpg,../new_data/cut_style:korea/2_482_Q_.jpg
2_484,../new_data/style:korea/484.jpg,../new_data/cut_style:korea/2_484_E_.jpg,../new_data/cut_style:korea/2_484_Q_.jpg
2_486,../new_data/style:korea/486.jpg,../new_data/cut_style:korea/2_486_E_.jpg,../new_data/cut_style:korea/2_486_Q_.jpg
2_487,../new_data/style:korea/487.jpg,../new_data/cut_style:korea/2_487_E_.jpg,../new_data/cut_style:korea/2_487_Q_.jpg
2_488,../new_data/style:korea/488.jpg,../new_data/cut_style:korea/2_488_E_.jpg,../new_data/cut_style:korea/2_488_Q_.jpg
2_490,../new_data/style:korea/490.jpg,../new_data/cut_style:korea/2_490_E_.jpg,../new_data/cut_style:korea/2_490_Q_.jpg
2_491,../new_data/style:korea/491.jpg,../new_data/cut_style:korea/2_491_E_.jpg,../new_data/cut_style:korea/2_491_Q_.jpg
2_492,../new_data/style:korea/492.jpg,../new_data/cut_style:korea/2_492_E_.jpg,../new_data/cut_style:korea/2_492_Q_.jpg
2_494,../new_data/style:korea/494.jpg,../new_data/cut_style:korea/2_494_E_.jpg,../new_data/cut_style:korea/2_494_Q_.jpg
2_495,../new_data/style:korea/495.jpg,../new_data/cut_style:korea/2_495_E_.jpg,../new_data/cut_style:korea/2_495_Q_.jpg
2_496,../new_data/style:korea/496.jpg,../new_data/cut_style:korea/2_496_E_.jpg,../new_data/cut_style:korea/2_496_Q_.jpg
2_497,../new_data/style:korea/497.jpg,../new_data/cut_style:korea/2_497_E_.jpg,../new_data/cut_style:korea/2_497_Q_.jpg
2_498,../new_data/style:korea/498.jpg,../new_data/cut_style:korea/2_498_E_.jpg,../new_data/cut_style:korea/2_498_Q_.jpg
2_499,../new_data/style:korea/499.jpg,../new_data/cut_style:korea/2_499_E_.jpg,../new_data/cut_style:korea/2_499_Q_.jpg
2_500,../new_data/style:korea/500.jpg,../new_data/cut_style:korea/2_500_E_.jpg,../new_data/cut_style:korea/2_500_Q_.jpg
2_501,../new_data/style:korea/501.jpg,../new_data/cut_style:korea/2_501_E_.jpg,../new_data/cut_style:korea/2_501_Q_.jpg
2_503,../new_data/style:korea/503.jpg,../new_data/cut_style:korea/2_503_E_.jpg,../new_data/cut_style:korea/2_503_Q_.jpg
2_504,../new_data/style:korea/504.jpg,../new_data/cut_style:korea/2_504_E_.jpg,../new_data/cut_style:korea/2_504_Q_.jpg
2_505,../new_data/style:korea/505.jpg,../new_data/cut_style:korea/2_505_E_.jpg,../new_data/cut_style:korea/2_505_Q_.jpg
2_506,../new_data/style:korea/506.jpg,../new_data/cut_style:korea/2_506_E_.jpg,../new_data/cut_style:korea/2_506_Q_.jpg
2_507,../new_data/style:korea/507.jpg,../new_data/cut_style:korea/2_507_E_.jpg,../new_data/cut_style:korea/2_507_Q_.jpg
2_509,../new_data/style:korea/509.jpg,../new_data/cut_style:korea/2_509_E_.jpg,../new_data/cut_style:korea/2_509_Q_.jpg
2_510,../new_data/style:korea/510.jpg,../new_data/cut_style:korea/2_510_E_.jpg,../new_data/cut_style:korea/2_510_Q_.jpg
2_511,../new_data/style:korea/511.jpg,../new_data/cut_style:korea/2_511_E_.jpg,../new_data/cut_style:korea/2_511_Q_.jpg
2_512,../new_data/style:korea/512.jpg,../new_data/cut_style:korea/2_512_E_.jpg,../new_data/cut_style:korea/2_512_Q_.jpg
2_514,../new_data/style:korea/514.jpg,../new_data/cut_style:korea/2_514_E_.jpg,../new_data/cut_style:korea/2_514_Q_.jpg
2_515,../new_data/style:korea/515.jpg,../new_data/cut_style:korea/2_515_E_.jpg,../new_data/cut_style:korea/2_515_Q_.jpg
2_516,../new_data/style:korea/516.jpg,../new_data/cut_style:korea/2_516_E_.jpg,../new_data/cut_style:korea/2_516_Q_.jpg
2_517,../new_data/style:korea/517.jpg,../new_data/cut_style:korea/2_517_E_.jpg,../new_data/cut_style:korea/2_517_Q_.jpg
2_519,../new_data/style:korea/519.jpg,../new_data/cut_style:korea/2_519_E_.jpg,../new_data/cut_style:korea/2_519_Q_.jpg
2_521,../new_data/style:korea/521.jpg,../new_data/cut_style:korea/2_521_E_.jpg,../new_data/cut_style:korea/2_521_Q_.jpg
2_524,../new_data/style:korea/524.jpg,../new_data/cut_style:korea/2_524_E_.jpg,../new_data/cut_style:korea/2_524_Q_.jpg
2_527,../new_data/style:korea/527.jpg,../new_data/cut_style:korea/2_527_E_.jpg,../new_data/cut_style:korea/2_527_Q_.jpg
2_528,../new_data/style:korea/528.jpg,../new_data/cut_style:korea/2_528_E_.jpg,../new_data/cut_style:korea/2_528_Q_.jpg
2_529,../new_data/style:korea/529.jpg,../new_data/cut_style:korea/2_529_E_.jpg,../new_data/cut_style:korea/2_529_Q_.jpg
2_530,../new_data/style:korea/530.jpg,../new_data/cut_style:korea/2_530_E_.jpg,../new_data/cut_style:korea/2_530_Q_.jpg
2_531,../new_data/style:korea/531.jpg,../new_data/cut_style:korea/2_531_E_.jpg,../new_data/cut_style:korea/2_531_Q_.jpg
2_533,../new_data/style:korea/533.jpg,../new_data/cut_style:korea/2_533_E_.jpg,../new_data/cut_style:korea/2_533_Q_.jpg
2_534,../new_data/style:korea/534.jpg,../new_data/cut_style:korea/2_534_E_.jpg,../new_data/cut_style:korea/2_534_Q_.jpg
2_535,../new_data/style:korea/535.jpg,../new_data/cut_style:korea/2_535_E_.jpg,../new_data/cut_style:korea/2_535_Q_.jpg
2_537,../new_data/style:korea/537.jpg,../new_data/cut_style:korea/2_537_E_.jpg,../new_data/cut_style:korea/2_537_Q_.jpg
2_538,../new_data/style:korea/538.jpg,../new_data/cut_style:korea/2_538_E_.jpg,../new_data/cut_style:korea/2_538_Q_.jpg
2_540,../new_data/style:korea/540.jpg,../new_data/cut_style:korea/2_540_E_.jpg,../new_data/cut_style:korea/2_540_Q_.jpg
2_541,../new_data/style:korea/541.jpg,../new_data/cut_style:korea/2_541_E_.jpg,../new_data/cut_style:korea/2_541_Q_.jpg
2_542,../new_data/style:korea/542.jpg,../new_data/cut_style:korea/2_542_E_.jpg,../new_data/cut_style:korea/2_542_Q_.jpg
2_543,../new_data/style:korea/543.jpg,../new_data/cut_style:korea/2_543_E_.jpg,../new_data/cut_style:korea/2_543_Q_.jpg
2_544,../new_data/style:korea/544.jpg,../new_data/cut_style:korea/2_544_E_.jpg,../new_data/cut_style:korea/2_544_Q_.jpg
2_545,../new_data/style:korea/545.jpg,../new_data/cut_style:korea/2_545_E_.jpg,../new_data/cut_style:korea/2_545_Q_.jpg
2_546,../new_data/style:korea/546.jpg,../new_data/cut_style:korea/2_546_E_.jpg,../new_data/cut_style:korea/2_546_Q_.jpg
2_547,../new_data/style:korea/547.jpg,../new_data/cut_style:korea/2_547_E_.jpg,../new_data/cut_style:korea/2_547_Q_.jpg
2_549,../new_data/style:korea/549.jpg,../new_data/cut_style:korea/2_549_E_.jpg,../new_data/cut_style:korea/2_549_Q_.jpg
2_551,../new_data/style:korea/551.jpg,../new_data/cut_style:korea/2_551_E_.jpg,../new_data/cut_style:korea/2_551_Q_.jpg
2_552,../new_data/style:korea/552.jpg,../new_data/cut_style:korea/2_552_E_.jpg,../new_data/cut_style:korea/2_552_Q_.jpg
2_553,../new_data/style:korea/553.jpg,../new_data/cut_style:korea/2_553_E_.jpg,../new_data/cut_style:korea/2_553_Q_.jpg
2_554,../new_data/style:korea/554.jpg,../new_data/cut_style:korea/2_554_E_.jpg,../new_data/cut_style:korea/2_554_Q_.jpg
2_557,../new_data/style:korea/557.jpg,../new_data/cut_style:korea/2_557_E_.jpg,../new_data/cut_style:korea/2_557_Q_.jpg
2_558,../new_data/style:korea/558.jpg,../new_data/cut_style:korea/2_558_E_.jpg,../new_data/cut_style:korea/2_558_Q_.jpg
2_559,../new_data/style:korea/559.jpg,../new_data/cut_style:korea/2_559_E_.jpg,../new_data/cut_style:korea/2_559_Q_.jpg
2_560,../new_data/style:korea/560.jpg,../new_data/cut_style:korea/2_560_E_.jpg,../new_data/cut_style:korea/2_560_Q_.jpg
2_561,../new_data/style:korea/561.jpg,../new_data/cut_style:korea/2_561_E_.jpg,../new_data/cut_style:korea/2_561_Q_.jpg
2_563,../new_data/style:korea/563.jpg,../new_data/cut_style:korea/2_563_E_.jpg,../new_data/cut_style:korea/2_563_Q_.jpg
2_564,../new_data/style:korea/564.jpg,../new_data/cut_style:korea/2_564_E_.jpg,../new_data/cut_style:korea/2_564_Q_.jpg
2_566,../new_data/style:korea/566.jpg,../new_data/cut_style:korea/2_566_E_.jpg,../new_data/cut_style:korea/2_566_Q_.jpg
2_567,../new_data/style:korea/567.jpg,../new_data/cut_style:korea/2_567_E_.jpg,../new_data/cut_style:korea/2_567_Q_.jpg
2_568,../new_data/style:korea/568.jpg,../new_data/cut_style:korea/2_568_E_.jpg,../new_data/cut_style:korea/2_568_Q_.jpg
2_569,../new_data/style:korea/569.jpg,../new_data/cut_style:korea/2_569_E_.jpg,../new_data/cut_style:korea/2_569_Q_.jpg
2_570,../new_data/style:korea/570.jpg,../new_data/cut_style:korea/2_570_E_.jpg,../new_data/cut_style:korea/2_570_Q_.jpg
2_571,../new_data/style:korea/571.jpg,../new_data/cut_style:korea/2_571_E_.jpg,../new_data/cut_style:korea/2_571_Q_.jpg
2_572,../new_data/style:korea/572.jpg,../new_data/cut_style:korea/2_572_E_.jpg,../new_data/cut_style:korea/2_572_Q_.jpg
2_573,../new_data/style:korea/573.jpg,../new_data/cut_style:korea/2_573_E_.jpg,../new_data/cut_style:korea/2_573_Q_.jpg
2_574,../new_data/style:korea/574.jpg,../new_data/cut_style:korea/2_574_E_.jpg,../new_data/cut_style:korea/2_574_Q_.jpg
2_575,../new_data/style:korea/575.jpg,../new_data/cut_style:korea/2_575_E_.jpg,../new_data/cut_style:korea/2_575_Q_.jpg
2_577,../new_data/style:korea/577.jpg,../new_data/cut_style:korea/2_577_E_.jpg,../new_data/cut_style:korea/2_577_Q_.jpg
2_578,../new_data/style:korea/578.jpg,../new_data/cut_style:korea/2_578_E_.jpg,../new_data/cut_style:korea/2_578_Q_.jpg
2_579,../new_data/style:korea/579.jpg,../new_data/cut_style:korea/2_579_E_.jpg,../new_data/cut_style:korea/2_579_Q_.jpg
2_581,../new_data/style:korea/581.jpg,../new_data/cut_style:korea/2_581_E_.jpg,../new_data/cut_style:korea/2_581_Q_.jpg
2_582,../new_data/style:korea/582.jpg,../new_data/cut_style:korea/2_582_E_.jpg,../new_data/cut_style:korea/2_582_Q_.jpg
2_583,../new_data/style:korea/583.jpg,../new_data/cut_style:korea/2_583_E_.jpg,../new_data/cut_style:korea/2_583_Q_.jpg
2_584,../new_data/style:korea/584.jpg,../new_data/cut_style:korea/2_584_E_.jpg,../new_data/cut_style:korea/2_584_Q_.jpg
2_587,../new_data/style:korea/587.jpg,../new_data/cut_style:korea/2_587_E_.jpg,../new_data/cut_style:korea/2_587_Q_.jpg
2_588,../new_data/style:korea/588.jpg,../new_data/cut_style:korea/2_588_E_.jpg,../new_data/cut_style:korea/2_588_Q_.jpg
2_589,../new_data/style:korea/589.jpg,../new_data/cut_style:korea/2_589_E_.jpg,../new_data/cut_style:korea/2_589_Q_.jpg
2_590,../new_data/style:korea/590.jpg,../new_data/cut_style:korea/2_590_E_.jpg,../new_data/cut_style:korea/2_590_Q_.jpg
2_591,../new_data/style:korea/591.jpg,../new_data/cut_style:korea/2_591_E_.jpg,../new_data/cut_style:korea/2_591_Q_.jpg
2_592,../new_data/style:korea/592.jpg,../new_data/cut_style:korea/2_592_E_.jpg,../new_data/cut_style:korea/2_592_Q_.jpg
2_595,../new_data/style:korea/595.jpg,../new_data/cut_style:korea/2_595_E_.jpg,../new_data/cut_style:korea/2_595_Q_.jpg
2_597,../new_data/style:korea/597.jpg,../new_data/cut_style:korea/2_597_E_.jpg,../new_data/cut_style:korea/2_597_Q_.jpg
2_598,../new_data/style:korea/598.jpg,../new_data/cut_style:korea/2_598_E_.jpg,../new_data/cut_style:korea/2_598_Q_.jpg
2_600,../new_data/style:korea/600.jpg,../new_data/cut_style:korea/2_600_E_.jpg,../new_data/cut_style:korea/2_600_Q_.jpg
2_601,../new_data/style:korea/601.jpg,../new_data/cut_style:korea/2_601_E_.jpg,../new_data/cut_style:korea/2_601_Q_.jpg
2_602,../new_data/style:korea/602.jpg,../new_data/cut_style:korea/2_602_E_.jpg,../new_data/cut_style:korea/2_602_Q_.jpg
2_604,../new_data/style:korea/604.jpg,../new_data/cut_style:korea/2_604_E_.jpg,../new_data/cut_style:korea/2_604_Q_.jpg
2_605,../new_data/style:korea/605.jpg,../new_data/cut_style:korea/2_605_E_.jpg,../new_data/cut_style:korea/2_605_Q_.jpg
2_606,../new_data/style:korea/606.jpg,../new_data/cut_style:korea/2_606_E_.jpg,../new_data/cut_style:korea/2_606_Q_.jpg
2_607,../new_data/style:korea/607.jpg,../new_data/cut_style:korea/2_607_E_.jpg,../new_data/cut_style:korea/2_607_Q_.jpg
2_610,../new_data/style:korea/610.jpg,../new_data/cut_style:korea/2_610_E_.jpg,../new_data/cut_style:korea/2_610_Q_.jpg
2_611,../new_data/style:korea/611.jpg,../new_data/cut_style:korea/2_611_E_.jpg,../new_data/cut_style:korea/2_611_Q_.jpg
2_612,../new_data/style:korea/612.jpg,../new_data/cut_style:korea/2_612_E_.jpg,../new_data/cut_style:korea/2_612_Q_.jpg
2_613,../new_data/style:korea/613.jpg,../new_data/cut_style:korea/2_613_E_.jpg,../new_data/cut_style:korea/2_613_Q_.jpg
2_614,../new_data/style:korea/614.jpg,../new_data/cut_style:korea/2_614_E_.jpg,../new_data/cut_style:korea/2_614_Q_.jpg
2_615,../new_data/style:korea/615.jpg,../new_data/cut_style:korea/2_615_E_.jpg,../new_data/cut_style:korea/2_615_Q_.jpg
2_617,../new_data/style:korea/617.jpg,../new_data/cut_style:korea/2_617_E_.jpg,../new_data/cut_style:korea/2_617_Q_.jpg
2_618,../new_data/style:korea/618.jpg,../new_data/cut_style:korea/2_618_E_.jpg,../new_data/cut_style:korea/2_618_Q_.jpg
2_619,../new_data/style:korea/619.jpg,../new_data/cut_style:korea/2_619_E_.jpg,../new_data/cut_style:korea/2_619_Q_.jpg
2_620,../new_data/style:korea/620.jpg,../new_data/cut_style:korea/2_620_E_.jpg,../new_data/cut_style:korea/2_620_Q_.jpg
2_621,../new_data/style:korea/621.jpg,../new_data/cut_style:korea/2_621_E_.jpg,../new_data/cut_style:korea/2_621_Q_.jpg
2_622,../new_data/style:korea/622.jpg,../new_data/cut_style:korea/2_622_E_.jpg,../new_data/cut_style:korea/2_622_Q_.jpg
2_623,../new_data/style:korea/623.jpg,../new_data/cut_style:korea/2_623_E_.jpg,../new_data/cut_style:korea/2_623_Q_.jpg
2_625,../new_data/style:korea/625.jpg,../new_data/cut_style:korea/2_625_E_.jpg,../new_data/cut_style:korea/2_625_Q_.jpg
2_627,../new_data/style:korea/627.jpg,../new_data/cut_style:korea/2_627_E_.jpg,../new_data/cut_style:korea/2_627_Q_.jpg
2_632,../new_data/style:korea/632.jpg,../new_data/cut_style:korea/2_632_E_.jpg,../new_data/cut_style:korea/2_632_Q_.jpg
2_633,../new_data/style:korea/633.jpg,../new_data/cut_style:korea/2_633_E_.jpg,../new_data/cut_style:korea/2_633_Q_.jpg
2_634,../new_data/style:korea/634.jpg,../new_data/cut_style:korea/2_634_E_.jpg,../new_data/cut_style:korea/2_634_Q_.jpg
2_635,../new_data/style:korea/635.jpg,../new_data/cut_style:korea/2_635_E_.jpg,../new_data/cut_style:korea/2_635_Q_.jpg
2_637,../new_data/style:korea/637.jpg,../new_data/cut_style:korea/2_637_E_.jpg,../new_data/cut_style:korea/2_637_Q_.jpg
2_639,../new_data/style:korea/639.jpg,../new_data/cut_style:korea/2_639_E_.jpg,../new_data/cut_style:korea/2_639_Q_.jpg
2_640,../new_data/style:korea/640.jpg,../new_data/cut_style:korea/2_640_E_.jpg,../new_data/cut_style:korea/2_640_Q_.jpg
2_642,../new_data/style:korea/642.jpg,../new_data/cut_style:korea/2_642_E_.jpg,../new_data/cut_style:korea/2_642_Q_.jpg
2_643,../new_data/style:korea/643.jpg,../new_data/cut_style:korea/2_643_E_.jpg,../new_data/cut_style:korea/2_643_Q_.jpg
2_644,../new_data/style:korea/644.jpg,../new_data/cut_style:korea/2_644_E_.jpg,../new_data/cut_style:korea/2_644_Q_.jpg
2_647,../new_data/style:korea/647.jpg,../new_data/cut_style:korea/2_647_E_.jpg,../new_data/cut_style:korea/2_647_Q_.jpg
2_648,../new_data/style:korea/648.jpg,../new_data/cut_style:korea/2_648_E_.jpg,../new_data/cut_style:korea/2_648_Q_.jpg
2_649,../new_data/style:korea/649.jpg,../new_data/cut_style:korea/2_649_E_.jpg,../new_data/cut_style:korea/2_649_Q_.jpg
2_650,../new_data/style:korea/650.jpg,../new_data/cut_style:korea/2_650_E_.jpg,../new_data/cut_style:korea/2_650_Q_.jpg
2_651,../new_data/style:korea/651.jpg,../new_data/cut_style:korea/2_651_E_.jpg,../new_data/cut_style:korea/2_651_Q_.jpg
2_652,../new_data/style:korea/652.jpg,../new_data/cut_style:korea/2_652_E_.jpg,../new_data/cut_style:korea/2_652_Q_.jpg
2_653,../new_data/style:korea/653.jpg,../new_data/cut_style:korea/2_653_E_.jpg,../new_data/cut_style:korea/2_653_Q_.jpg
2_654,../new_data/style:korea/654.jpg,../new_data/cut_style:korea/2_654_E_.jpg,../new_data/cut_style:korea/2_654_Q_.jpg
2_655,../new_data/style:korea/655.jpg,../new_data/cut_style:korea/2_655_E_.jpg,../new_data/cut_style:korea/2_655_Q_.jpg
2_656,../new_data/style:korea/656.jpg,../new_data/cut_style:korea/2_656_E_.jpg,../new_data/cut_style:korea/2_656_Q_.jpg
2_657,../new_data/style:korea/657.jpg,../new_data/cut_style:korea/2_657_E_.jpg,../new_data/cut_style:korea/2_657_Q_.jpg
2_660,../new_data/style:korea/660.jpg,../new_data/cut_style:korea/2_660_E_.jpg,../new_data/cut_style:korea/2_660_Q_.jpg
2_661,../new_data/style:korea/661.jpg,../new_data/cut_style:korea/2_661_E_.jpg,../new_data/cut_style:korea/2_661_Q_.jpg
2_662,../new_data/style:korea/662.jpg,../new_data/cut_style:korea/2_662_E_.jpg,../new_data/cut_style:korea/2_662_Q_.jpg
2_663,../new_data/style:korea/663.jpg,../new_data/cut_style:korea/2_663_E_.jpg,../new_data/cut_style:korea/2_663_Q_.jpg
2_664,../new_data/style:korea/664.jpg,../new_data/cut_style:korea/2_664_E_.jpg,../new_data/cut_style:korea/2_664_Q_.jpg
2_665,../new_data/style:korea/665.jpg,../new_data/cut_style:korea/2_665_E_.jpg,../new_data/cut_style:korea/2_665_Q_.jpg
2_666,../new_data/style:korea/666.jpg,../new_data/cut_style:korea/2_666_E_.jpg,../new_data/cut_style:korea/2_666_Q_.jpg
2_667,../new_data/style:korea/667.jpg,../new_data/cut_style:korea/2_667_E_.jpg,../new_data/cut_style:korea/2_667_Q_.jpg
2_668,../new_data/style:korea/668.jpg,../new_data/cut_style:korea/2_668_E_.jpg,../new_data/cut_style:korea/2_668_Q_.jpg
2_669,../new_data/style:korea/669.jpg,../new_data/cut_style:korea/2_669_E_.jpg,../new_data/cut_style:korea/2_669_Q_.jpg
2_670,../new_data/style:korea/670.jpg,../new_data/cut_style:korea/2_670_E_.jpg,../new_data/cut_style:korea/2_670_Q_.jpg
2_671,../new_data/style:korea/671.jpg,../new_data/cut_style:korea/2_671_E_.jpg,../new_data/cut_style:korea/2_671_Q_.jpg
2_672,../new_data/style:korea/672.jpg,../new_data/cut_style:korea/2_672_E_.jpg,../new_data/cut_style:korea/2_672_Q_.jpg
2_673,../new_data/style:korea/673.jpg,../new_data/cut_style:korea/2_673_E_.jpg,../new_data/cut_style:korea/2_673_Q_.jpg
2_674,../new_data/style:korea/674.jpg,../new_data/cut_style:korea/2_674_E_.jpg,../new_data/cut_style:korea/2_674_Q_.jpg
2_675,../new_data/style:korea/675.jpg,../new_data/cut_style:korea/2_675_E_.jpg,../new_data/cut_style:korea/2_675_Q_.jpg
2_678,../new_data/style:korea/678.jpg,../new_data/cut_style:korea/2_678_E_.jpg,../new_data/cut_style:korea/2_678_Q_.jpg
2_679,../new_data/style:korea/679.jpg,../new_data/cut_style:korea/2_679_E_.jpg,../new_data/cut_style:korea/2_679_Q_.jpg
2_680,../new_data/style:korea/680.jpg,../new_data/cut_style:korea/2_680_E_.jpg,../new_data/cut_style:korea/2_680_Q_.jpg
2_681,../new_data/style:korea/681.jpg,../new_data/cut_style:korea/2_681_E_.jpg,../new_data/cut_style:korea/2_681_Q_.jpg
2_682,../new_data/style:korea/682.jpg,../new_data/cut_style:korea/2_682_E_.jpg,../new_data/cut_style:korea/2_682_Q_.jpg
2_683,../new_data/style:korea/683.jpg,../new_data/cut_style:korea/2_683_E_.jpg,../new_data/cut_style:korea/2_683_Q_.jpg
2_684,../new_data/style:korea/684.jpg,../new_data/cut_style:korea/2_684_E_.jpg,../new_data/cut_style:korea/2_684_Q_.jpg
2_685,../new_data/style:korea/685.jpg,../new_data/cut_style:korea/2_685_E_.jpg,../new_data/cut_style:korea/2_685_Q_.jpg
2_686,../new_data/style:korea/686.jpg,../new_data/cut_style:korea/2_686_E_.jpg,../new_data/cut_style:korea/2_686_Q_.jpg
2_687,../new_data/style:korea/687.jpg,../new_data/cut_style:korea/2_687_E_.jpg,../new_data/cut_style:korea/2_687_Q_.jpg
2_688,../new_data/style:korea/688.jpg,../new_data/cut_style:korea/2_688_E_.jpg,../new_data/cut_style:korea/2_688_Q_.jpg
2_689,../new_data/style:korea/689.jpg,../new_data/cut_style:korea/2_689_E_.jpg,../new_data/cut_style:korea/2_689_Q_.jpg
2_690,../new_data/style:korea/690.jpg,../new_data/cut_style:korea/2_690_E_.jpg,../new_data/cut_style:korea/2_690_Q_.jpg
2_691,../new_data/style:korea/691.jpg,../new_data/cut_style:korea/2_691_E_.jpg,../new_data/cut_style:korea/2_691_Q_.jpg
2_692,../new_data/style:korea/692.jpg,../new_data/cut_style:korea/2_692_E_.jpg,../new_data/cut_style:korea/2_692_Q_.jpg
2_694,../new_data/style:korea/694.jpg,../new_data/cut_style:korea/2_694_E_.jpg,../new_data/cut_style:korea/2_694_Q_.jpg
2_695,../new_data/style:korea/695.jpg,../new_data/cut_style:korea/2_695_E_.jpg,../new_data/cut_style:korea/2_695_Q_.jpg
2_696,../new_data/style:korea/696.jpg,../new_data/cut_style:korea/2_696_E_.jpg,../new_data/cut_style:korea/2_696_Q_.jpg
2_698,../new_data/style:korea/698.jpg,../new_data/cut_style:korea/2_698_E_.jpg,../new_data/cut_style:korea/2_698_Q_.jpg
2_699,../new_data/style:korea/699.jpg,../new_data/cut_style:korea/2_699_E_.jpg,../new_data/cut_style:korea/2_699_Q_.jpg
2_700,../new_data/style:korea/700.jpg,../new_data/cut_style:korea/2_700_E_.jpg,../new_data/cut_style:korea/2_700_Q_.jpg
2_701,../new_data/style:korea/701.jpg,../new_data/cut_style:korea/2_701_E_.jpg,../new_data/cut_style:korea/2_701_Q_.jpg
2_702,../new_data/style:korea/702.jpg,../new_data/cut_style:korea/2_702_E_.jpg,../new_data/cut_style:korea/2_702_Q_.jpg
2_704,../new_data/style:korea/704.jpg,../new_data/cut_style:korea/2_704_E_.jpg,../new_data/cut_style:korea/2_704_Q_.jpg
2_705,../new_data/style:korea/705.jpg,../new_data/cut_style:korea/2_705_E_.jpg,../new_data/cut_style:korea/2_705_Q_.jpg
2_706,../new_data/style:korea/706.jpg,../new_data/cut_style:korea/2_706_E_.jpg,../new_data/cut_style:korea/2_706_Q_.jpg
2_707,../new_data/style:korea/707.jpg,../new_data/cut_style:korea/2_707_E_.jpg,../new_data/cut_style:korea/2_707_Q_.jpg
2_708,../new_data/style:korea/708.jpg,../new_data/cut_style:korea/2_708_E_.jpg,../new_data/cut_style:korea/2_708_Q_.jpg
2_709,../new_data/style:korea/709.jpg,../new_data/cut_style:korea/2_709_E_.jpg,../new_data/cut_style:korea/2_709_Q_.jpg
2_710,../new_data/style:korea/710.jpg,../new_data/cut_style:korea/2_710_E_.jpg,../new_data/cut_style:korea/2_710_Q_.jpg
2_711,../new_data/style:korea/711.jpg,../new_data/cut_style:korea/2_711_E_.jpg,../new_data/cut_style:korea/2_711_Q_.jpg
2_713,../new_data/style:korea/713.jpg,../new_data/cut_style:korea/2_713_E_.jpg,../new_data/cut_style:korea/2_713_Q_.jpg
2_714,../new_data/style:korea/714.jpg,../new_data/cut_style:korea/2_714_E_.jpg,../new_data/cut_style:korea/2_714_Q_.jpg
2_715,../new_data/style:korea/715.jpg,../new_data/cut_style:korea/2_715_E_.jpg,../new_data/cut_style:korea/2_715_Q_.jpg
2_716,../new_data/style:korea/716.jpg,../new_data/cut_style:korea/2_716_E_.jpg,../new_data/cut_style:korea/2_716_Q_.jpg
2_717,../new_data/style:korea/717.jpg,../new_data/cut_style:korea/2_717_E_.jpg,../new_data/cut_style:korea/2_717_Q_.jpg
2_719,../new_data/style:korea/719.jpg,../new_data/cut_style:korea/2_719_E_.jpg,../new_data/cut_style:korea/2_719_Q_.jpg
2_720,../new_data/style:korea/720.jpg,../new_data/cut_style:korea/2_720_E_.jpg,../new_data/cut_style:korea/2_720_Q_.jpg
2_723,../new_data/style:korea/723.jpg,../new_data/cut_style:korea/2_723_E_.jpg,../new_data/cut_style:korea/2_723_Q_.jpg
2_724,../new_data/style:korea/724.jpg,../new_data/cut_style:korea/2_724_E_.jpg,../new_data/cut_style:korea/2_724_Q_.jpg
2_726,../new_data/style:korea/726.jpg,../new_data/cut_style:korea/2_726_E_.jpg,../new_data/cut_style:korea/2_726_Q_.jpg
2_727,../new_data/style:korea/727.jpg,../new_data/cut_style:korea/2_727_E_.jpg,../new_data/cut_style:korea/2_727_Q_.jpg
2_728,../new_data/style:korea/728.jpg,../new_data/cut_style:korea/2_728_E_.jpg,../new_data/cut_style:korea/2_728_Q_.jpg
2_729,../new_data/style:korea/729.jpg,../new_data/cut_style:korea/2_729_E_.jpg,../new_data/cut_style:korea/2_729_Q_.jpg
2_730,../new_data/style:korea/730.jpg,../new_data/cut_style:korea/2_730_E_.jpg,../new_data/cut_style:korea/2_730_Q_.jpg
2_731,../new_data/style:korea/731.jpg,../new_data/cut_style:korea/2_731_E_.jpg,../new_data/cut_style:korea/2_731_Q_.jpg
2_732,../new_data/style:korea/732.jpg,../new_data/cut_style:korea/2_732_E_.jpg,../new_data/cut_style:korea/2_732_Q_.jpg
2_733,../new_data/style:korea/733.jpg,../new_data/cut_style:korea/2_733_E_.jpg,../new_data/cut_style:korea/2_733_Q_.jpg
2_734,../new_data/style:korea/734.jpg,../new_data/cut_style:korea/2_734_E_.jpg,../new_data/cut_style:korea/2_734_Q_.jpg
2_735,../new_data/style:korea/735.jpg,../new_data/cut_style:korea/2_735_E_.jpg,../new_data/cut_style:korea/2_735_Q_.jpg
2_736,../new_data/style:korea/736.jpg,../new_data/cut_style:korea/2_736_E_.jpg,../new_data/cut_style:korea/2_736_Q_.jpg
2_737,../new_data/style:korea/737.jpg,../new_data/cut_style:korea/2_737_E_.jpg,../new_data/cut_style:korea/2_737_Q_.jpg
2_738,../new_data/style:korea/738.jpg,../new_data/cut_style:korea/2_738_E_.jpg,../new_data/cut_style:korea/2_738_Q_.jpg
2_739,../new_data/style:korea/739.jpg,../new_data/cut_style:korea/2_739_E_.jpg,../new_data/cut_style:korea/2_739_Q_.jpg
2_740,../new_data/style:korea/740.jpg,../new_data/cut_style:korea/2_740_E_.jpg,../new_data/cut_style:korea/2_740_Q_.jpg
2_741,../new_data/style:korea/741.jpg,../new_data/cut_style:korea/2_741_E_.jpg,../new_data/cut_style:korea/2_741_Q_.jpg
2_742,../new_data/style:korea/742.jpg,../new_data/cut_style:korea/2_742_E_.jpg,../new_data/cut_style:korea/2_742_Q_.jpg
2_744,../new_data/style:korea/744.jpg,../new_data/cut_style:korea/2_744_E_.jpg,../new_data/cut_style:korea/2_744_Q_.jpg
2_745,../new_data/style:korea/745.jpg,../new_data/cut_style:korea/2_745_E_.jpg,../new_data/cut_style:korea/2_745_Q_.jpg
2_746,../new_data/style:korea/746.jpg,../new_data/cut_style:korea/2_746_E_.jpg,../new_data/cut_style:korea/2_746_Q_.jpg
2_747,../new_data/style:korea/747.jpg,../new_data/cut_style:korea/2_747_E_.jpg,../new_data/cut_style:korea/2_747_Q_.jpg
2_748,../new_data/style:korea/748.jpg,../new_data/cut_style:korea/2_748_E_.jpg,../new_data/cut_style:korea/2_748_Q_.jpg
2_749,../new_data/style:korea/749.jpg,../new_data/cut_style:korea/2_749_E_.jpg,../new_data/cut_style:korea/2_749_Q_.jpg
2_751,../new_data/style:korea/751.jpg,../new_data/cut_style:korea/2_751_E_.jpg,../new_data/cut_style:korea/2_751_Q_.jpg
2_752,../new_data/style:korea/752.jpg,../new_data/cut_style:korea/2_752_E_.jpg,../new_data/cut_style:korea/2_752_Q_.jpg
2_753,../new_data/style:korea/753.jpg,../new_data/cut_style:korea/2_753_E_.jpg,../new_data/cut_style:korea/2_753_Q_.jpg
2_754,../new_data/style:korea/754.jpg,../new_data/cut_style:korea/2_754_E_.jpg,../new_data/cut_style:korea/2_754_Q_.jpg
2_755,../new_data/style:korea/755.jpg,../new_data/cut_style:korea/2_755_E_.jpg,../new_data/cut_style:korea/2_755_Q_.jpg
2_757,../new_data/style:korea/757.jpg,../new_data/cut_style:korea/2_757_E_.jpg,../new_data/cut_style:korea/2_757_Q_.jpg
2_758,../new_data/style:korea/758.jpg,../new_data/cut_style:korea/2_758_E_.jpg,../new_data/cut_style:korea/2_758_Q_.jpg
2_759,../new_data/style:korea/759.jpg,../new_data/cut_style:korea/2_759_E_.jpg,../new_data/cut_style:korea/2_759_Q_.jpg
2_760,../new_data/style:korea/760.jpg,../new_data/cut_style:korea/2_760_E_.jpg,../new_data/cut_style:korea/2_760_Q_.jpg
2_761,../new_data/style:korea/761.jpg,../new_data/cut_style:korea/2_761_E_.jpg,../new_data/cut_style:korea/2_761_Q_.jpg
2_762,../new_data/style:korea/762.jpg,../new_data/cut_style:korea/2_762_E_.jpg,../new_data/cut_style:korea/2_762_Q_.jpg
2_763,../new_data/style:korea/763.jpg,../new_data/cut_style:korea/2_763_E_.jpg,../new_data/cut_style:korea/2_763_Q_.jpg
2_764,../new_data/style:korea/764.jpg,../new_data/cut_style:korea/2_764_E_.jpg,../new_data/cut_style:korea/2_764_Q_.jpg
2_765,../new_data/style:korea/765.jpg,../new_data/cut_style:korea/2_765_E_.jpg,../new_data/cut_style:korea/2_765_Q_.jpg
2_766,../new_data/style:korea/766.jpg,../new_data/cut_style:korea/2_766_E_.jpg,../new_data/cut_style:korea/2_766_Q_.jpg
2_767,../new_data/style:korea/767.jpg,../new_data/cut_style:korea/2_767_E_.jpg,../new_data/cut_style:korea/2_767_Q_.jpg
2_768,../new_data/style:korea/768.jpg,../new_data/cut_style:korea/2_768_E_.jpg,../new_data/cut_style:korea/2_768_Q_.jpg
2_770,../new_data/style:korea/770.jpg,../new_data/cut_style:korea/2_770_E_.jpg,../new_data/cut_style:korea/2_770_Q_.jpg
2_772,../new_data/style:korea/772.jpg,../new_data/cut_style:korea/2_772_E_.jpg,../new_data/cut_style:korea/2_772_Q_.jpg
2_773,../new_data/style:korea/773.jpg,../new_data/cut_style:korea/2_773_E_.jpg,../new_data/cut_style:korea/2_773_Q_.jpg
2_774,../new_data/style:korea/774.jpg,../new_data/cut_style:korea/2_774_E_.jpg,../new_data/cut_style:korea/2_774_Q_.jpg
2_775,../new_data/style:korea/775.jpg,../new_data/cut_style:korea/2_775_E_.jpg,../new_data/cut_style:korea/2_775_Q_.jpg
2_776,../new_data/style:korea/776.jpg,../new_data/cut_style:korea/2_776_E_.jpg,../new_data/cut_style:korea/2_776_Q_.jpg
2_778,../new_data/style:korea/778.jpg,../new_data/cut_style:korea/2_778_E_.jpg,../new_data/cut_style:korea/2_778_Q_.jpg
2_779,../new_data/style:korea/779.jpg,../new_data/cut_style:korea/2_779_E_.jpg,../new_data/cut_style:korea/2_779_Q_.jpg
2_780,../new_data/style:korea/780.jpg,../new_data/cut_style:korea/2_780_E_.jpg,../new_data/cut_style:korea/2_780_Q_.jpg
2_782,../new_data/style:korea/782.jpg,../new_data/cut_style:korea/2_782_E_.jpg,../new_data/cut_style:korea/2_782_Q_.jpg
2_783,../new_data/style:korea/783.jpg,../new_data/cut_style:korea/2_783_E_.jpg,../new_data/cut_style:korea/2_783_Q_.jpg
2_784,../new_data/style:korea/784.jpg,../new_data/cut_style:korea/2_784_E_.jpg,../new_data/cut_style:korea/2_784_Q_.jpg
2_785,../new_data/style:korea/785.jpg,../new_data/cut_style:korea/2_785_E_.jpg,../new_data/cut_style:korea/2_785_Q_.jpg
2_786,../new_data/style:korea/786.jpg,../new_data/cut_style:korea/2_786_E_.jpg,../new_data/cut_style:korea/2_786_Q_.jpg
2_787,../new_data/style:korea/787.jpg,../new_data/cut_style:korea/2_787_E_.jpg,../new_data/cut_style:korea/2_787_Q_.jpg
2_788,../new_data/style:korea/788.jpg,../new_data/cut_style:korea/2_788_E_.jpg,../new_data/cut_style:korea/2_788_Q_.jpg
2_792,../new_data/style:korea/792.jpg,../new_data/cut_style:korea/2_792_E_.jpg,../new_data/cut_style:korea/2_792_Q_.jpg
2_794,../new_data/style:korea/794.jpg,../new_data/cut_style:korea/2_794_E_.jpg,../new_data/cut_style:korea/2_794_Q_.jpg
2_795,../new_data/style:korea/795.jpg,../new_data/cut_style:korea/2_795_E_.jpg,../new_data/cut_style:korea/2_795_Q_.jpg
2_796,../new_data/style:korea/796.jpg,../new_data/cut_style:korea/2_796_E_.jpg,../new_data/cut_style:korea/2_796_Q_.jpg
2_797,../new_data/style:korea/797.jpg,../new_data/cut_style:korea/2_797_E_.jpg,../new_data/cut_style:korea/2_797_Q_.jpg
2_798,../new_data/style:korea/798.jpg,../new_data/cut_style:korea/2_798_E_.jpg,../new_data/cut_style:korea/2_798_Q_.jpg
2_799,../new_data/style:korea/799.jpg,../new_data/cut_style:korea/2_799_E_.jpg,../new_data/cut_style:korea/2_799_Q_.jpg
2_800,../new_data/style:korea/800.jpg,../new_data/cut_style:korea/2_800_E_.jpg,../new_data/cut_style:korea/2_800_Q_.jpg
2_801,../new_data/style:korea/801.jpg,../new_data/cut_style:korea/2_801_E_.jpg,../new_data/cut_style:korea/2_801_Q_.jpg
2_803,../new_data/style:korea/803.jpg,../new_data/cut_style:korea/2_803_E_.jpg,../new_data/cut_style:korea/2_803_Q_.jpg
2_804,../new_data/style:korea/804.jpg,../new_data/cut_style:korea/2_804_E_.jpg,../new_data/cut_style:korea/2_804_Q_.jpg
2_805,../new_data/style:korea/805.jpg,../new_data/cut_style:korea/2_805_E_.jpg,../new_data/cut_style:korea/2_805_Q_.jpg
2_806,../new_data/style:korea/806.jpg,../new_data/cut_style:korea/2_806_E_.jpg,../new_data/cut_style:korea/2_806_Q_.jpg
2_807,../new_data/style:korea/807.jpg,../new_data/cut_style:korea/2_807_E_.jpg,../new_data/cut_style:korea/2_807_Q_.jpg
2_808,../new_data/style:korea/808.jpg,../new_data/cut_style:korea/2_808_E_.jpg,../new_data/cut_style:korea/2_808_Q_.jpg
2_809,../new_data/style:korea/809.jpg,../new_data/cut_style:korea/2_809_E_.jpg,../new_data/cut_style:korea/2_809_Q_.jpg
2_811,../new_data/style:korea/811.jpg,../new_data/cut_style:korea/2_811_E_.jpg,../new_data/cut_style:korea/2_811_Q_.jpg
2_812,../new_data/style:korea/812.jpg,../new_data/cut_style:korea/2_812_E_.jpg,../new_data/cut_style:korea/2_812_Q_.jpg
2_813,../new_data/style:korea/813.jpg,../new_data/cut_style:korea/2_813_E_.jpg,../new_data/cut_style:korea/2_813_Q_.jpg
2_814,../new_data/style:korea/814.jpg,../new_data/cut_style:korea/2_814_E_.jpg,../new_data/cut_style:korea/2_814_Q_.jpg
2_816,../new_data/style:korea/816.jpg,../new_data/cut_style:korea/2_816_E_.jpg,../new_data/cut_style:korea/2_816_Q_.jpg
2_819,../new_data/style:korea/819.jpg,../new_data/cut_style:korea/2_819_E_.jpg,../new_data/cut_style:korea/2_819_Q_.jpg
2_821,../new_data/style:korea/821.jpg,../new_data/cut_style:korea/2_821_E_.jpg,../new_data/cut_style:korea/2_821_Q_.jpg
2_823,../new_data/style:korea/823.jpg,../new_data/cut_style:korea/2_823_E_.jpg,../new_data/cut_style:korea/2_823_Q_.jpg
2_826,../new_data/style:korea/826.jpg,../new_data/cut_style:korea/2_826_E_.jpg,../new_data/cut_style:korea/2_826_Q_.jpg
2_839,../new_data/style:korea/839.jpg,../new_data/cut_style:korea/2_839_E_.jpg,../new_data/cut_style:korea/2_839_Q_.jpg
2_841,../new_data/style:korea/841.jpg,../new_data/cut_style:korea/2_841_E_.jpg,../new_data/cut_style:korea/2_841_Q_.jpg
2_843,../new_data/style:korea/843.jpg,../new_data/cut_style:korea/2_843_E_.jpg,../new_data/cut_style:korea/2_843_Q_.jpg
2_844,../new_data/style:korea/844.jpg,../new_data/cut_style:korea/2_844_E_.jpg,../new_data/cut_style:korea/2_844_Q_.jpg
2_845,../new_data/style:korea/845.jpg,../new_data/cut_style:korea/2_845_E_.jpg,../new_data/cut_style:korea/2_845_Q_.jpg
2_846,../new_data/style:korea/846.jpg,../new_data/cut_style:korea/2_846_E_.jpg,../new_data/cut_style:korea/2_846_Q_.jpg
2_847,../new_data/style:korea/847.jpg,../new_data/cut_style:korea/2_847_E_.jpg,../new_data/cut_style:korea/2_847_Q_.jpg
2_848,../new_data/style:korea/848.jpg,../new_data/cut_style:korea/2_848_E_.jpg,../new_data/cut_style:korea/2_848_Q_.jpg
2_849,../new_data/style:korea/849.jpg,../new_data/cut_style:korea/2_849_E_.jpg,../new_data/cut_style:korea/2_849_Q_.jpg
2_850,../new_data/style:korea/850.jpg,../new_data/cut_style:korea/2_850_E_.jpg,../new_data/cut_style:korea/2_850_Q_.jpg
2_851,../new_data/style:korea/851.jpg,../new_data/cut_style:korea/2_851_E_.jpg,../new_data/cut_style:korea/2_851_Q_.jpg
2_852,../new_data/style:korea/852.jpg,../new_data/cut_style:korea/2_852_E_.jpg,../new_data/cut_style:korea/2_852_Q_.jpg
2_853,../new_data/style:korea/853.jpg,../new_data/cut_style:korea/2_853_E_.jpg,../new_data/cut_style:korea/2_853_Q_.jpg
2_854,../new_data/style:korea/854.jpg,../new_data/cut_style:korea/2_854_E_.jpg,../new_data/cut_style:korea/2_854_Q_.jpg
2_855,../new_data/style:korea/855.jpg,../new_data/cut_style:korea/2_855_E_.jpg,../new_data/cut_style:korea/2_855_Q_.jpg
2_856,../new_data/style:korea/856.jpg,../new_data/cut_style:korea/2_856_E_.jpg,../new_data/cut_style:korea/2_856_Q_.jpg
2_857,../new_data/style:korea/857.jpg,../new_data/cut_style:korea/2_857_E_.jpg,../new_data/cut_style:korea/2_857_Q_.jpg
2_859,../new_data/style:korea/859.jpg,../new_data/cut_style:korea/2_859_E_.jpg,../new_data/cut_style:korea/2_859_Q_.jpg
2_860,../new_data/style:korea/860.jpg,../new_data/cut_style:korea/2_860_E_.jpg,../new_data/cut_style:korea/2_860_Q_.jpg
2_861,../new_data/style:korea/861.jpg,../new_data/cut_style:korea/2_861_E_.jpg,../new_data/cut_style:korea/2_861_Q_.jpg
2_862,../new_data/style:korea/862.jpg,../new_data/cut_style:korea/2_862_E_.jpg,../new_data/cut_style:korea/2_862_Q_.jpg
2_863,../new_data/style:korea/863.jpg,../new_data/cut_style:korea/2_863_E_.jpg,../new_data/cut_style:korea/2_863_Q_.jpg
2_864,../new_data/style:korea/864.jpg,../new_data/cut_style:korea/2_864_E_.jpg,../new_data/cut_style:korea/2_864_Q_.jpg
2_865,../new_data/style:korea/865.jpg,../new_data/cut_style:korea/2_865_E_.jpg,../new_data/cut_style:korea/2_865_Q_.jpg
2_866,../new_data/style:korea/866.jpg,../new_data/cut_style:korea/2_866_E_.jpg,../new_data/cut_style:korea/2_866_Q_.jpg
2_867,../new_data/style:korea/867.jpg,../new_data/cut_style:korea/2_867_E_.jpg,../new_data/cut_style:korea/2_867_Q_.jpg
2_868,../new_data/style:korea/868.jpg,../new_data/cut_style:korea/2_868_E_.jpg,../new_data/cut_style:korea/2_868_Q_.jpg
2_869,../new_data/style:korea/869.jpg,../new_data/cut_style:korea/2_869_E_.jpg,../new_data/cut_style:korea/2_869_Q_.jpg
2_870,../new_data/style:korea/870.jpg,../new_data/cut_style:korea/2_870_E_.jpg,../new_data/cut_style:korea/2_870_Q_.jpg
2_872,../new_data/style:korea/872.jpg,../new_data/cut_style:korea/2_872_E_.jpg,../new_data/cut_style:korea/2_872_Q_.jpg
2_873,../new_data/style:korea/873.jpg,../new_data/cut_style:korea/2_873_E_.jpg,../new_data/cut_style:korea/2_873_Q_.jpg
2_874,../new_data/style:korea/874.jpg,../new_data/cut_style:korea/2_874_E_.jpg,../new_data/cut_style:korea/2_874_Q_.jpg
2_875,../new_data/style:korea/875.jpg,../new_data/cut_style:korea/2_875_E_.jpg,../new_data/cut_style:korea/2_875_Q_.jpg
2_876,../new_data/style:korea/876.jpg,../new_data/cut_style:korea/2_876_E_.jpg,../new_data/cut_style:korea/2_876_Q_.jpg
2_877,../new_data/style:korea/877.jpg,../new_data/cut_style:korea/2_877_E_.jpg,../new_data/cut_style:korea/2_877_Q_.jpg
2_879,../new_data/style:korea/879.jpg,../new_data/cut_style:korea/2_879_E_.jpg,../new_data/cut_style:korea/2_879_Q_.jpg
2_880,../new_data/style:korea/880.jpg,../new_data/cut_style:korea/2_880_E_.jpg,../new_data/cut_style:korea/2_880_Q_.jpg
2_883,../new_data/style:korea/883.jpg,../new_data/cut_style:korea/2_883_E_.jpg,../new_data/cut_style:korea/2_883_Q_.jpg
2_885,../new_data/style:korea/885.jpg,../new_data/cut_style:korea/2_885_E_.jpg,../new_data/cut_style:korea/2_885_Q_.jpg
2_887,../new_data/style:korea/887.jpg,../new_data/cut_style:korea/2_887_E_.jpg,../new_data/cut_style:korea/2_887_Q_.jpg
2_888,../new_data/style:korea/888.jpg,../new_data/cut_style:korea/2_888_E_.jpg,../new_data/cut_style:korea/2_888_Q_.jpg
2_890,../new_data/style:korea/890.jpg,../new_data/cut_style:korea/2_890_E_.jpg,../new_data/cut_style:korea/2_890_Q_.jpg
2_891,../new_data/style:korea/891.jpg,../new_data/cut_style:korea/2_891_E_.jpg,../new_data/cut_style:korea/2_891_Q_.jpg
2_892,../new_data/style:korea/892.jpg,../new_data/cut_style:korea/2_892_E_.jpg,../new_data/cut_style:korea/2_892_Q_.jpg
2_893,../new_data/style:korea/893.jpg,../new_data/cut_style:korea/2_893_E_.jpg,../new_data/cut_style:korea/2_893_Q_.jpg
2_894,../new_data/style:korea/894.jpg,../new_data/cut_style:korea/2_894_E_.jpg,../new_data/cut_style:korea/2_894_Q_.jpg
2_902,../new_data/style:korea/902.jpg,../new_data/cut_style:korea/2_902_E_.jpg,../new_data/cut_style:korea/2_902_Q_.jpg
2_905,../new_data/style:korea/905.jpg,../new_data/cut_style:korea/2_905_E_.jpg,../new_data/cut_style:korea/2_905_Q_.jpg
2_906,../new_data/style:korea/906.jpg,../new_data/cut_style:korea/2_906_E_.jpg,../new_data/cut_style:korea/2_906_Q_.jpg
2_908,../new_data/style:korea/908.jpg,../new_data/cut_style:korea/2_908_E_.jpg,../new_data/cut_style:korea/2_908_Q_.jpg
2_909,../new_data/style:korea/909.jpg,../new_data/cut_style:korea/2_909_E_.jpg,../new_data/cut_style:korea/2_909_Q_.jpg
2_910,../new_data/style:korea/910.jpg,../new_data/cut_style:korea/2_910_E_.jpg,../new_data/cut_style:korea/2_910_Q_.jpg
2_912,../new_data/style:korea/912.jpg,../new_data/cut_style:korea/2_912_E_.jpg,../new_data/cut_style:korea/2_912_Q_.jpg
2_915,../new_data/style:korea/915.jpg,../new_data/cut_style:korea/2_915_E_.jpg,../new_data/cut_style:korea/2_915_Q_.jpg
2_917,../new_data/style:korea/917.jpg,../new_data/cut_style:korea/2_917_E_.jpg,../new_data/cut_style:korea/2_917_Q_.jpg
2_919,../new_data/style:korea/919.jpg,../new_data/cut_style:korea/2_919_E_.jpg,../new_data/cut_style:korea/2_919_Q_.jpg
2_921,../new_data/style:korea/921.jpg,../new_data/cut_style:korea/2_921_E_.jpg,../new_data/cut_style:korea/2_921_Q_.jpg
2_922,../new_data/style:korea/922.jpg,../new_data/cut_style:korea/2_922_E_.jpg,../new_data/cut_style:korea/2_922_Q_.jpg
2_925,../new_data/style:korea/925.jpg,../new_data/cut_style:korea/2_925_E_.jpg,../new_data/cut_style:korea/2_925_Q_.jpg
2_927,../new_data/style:korea/927.jpg,../new_data/cut_style:korea/2_927_E_.jpg,../new_data/cut_style:korea/2_927_Q_.jpg
2_928,../new_data/style:korea/928.jpg,../new_data/cut_style:korea/2_928_E_.jpg,../new_data/cut_style:korea/2_928_Q_.jpg
2_930,../new_data/style:korea/930.jpg,../new_data/cut_style:korea/2_930_E_.jpg,../new_data/cut_style:korea/2_930_Q_.jpg
2_937,../new_data/style:korea/937.jpg,../new_data/cut_style:korea/2_937_E_.jpg,../new_data/cut_style:korea/2_937_Q_.jpg
2_940,../new_data/style:korea/940.jpg,../new_data/cut_style:korea/2_940_E_.jpg,../new_data/cut_style:korea/2_940_Q_.jpg
2_942,../new_data/style:korea/942.jpg,../new_data/cut_style:korea/2_942_E_.jpg,../new_data/cut_style:korea/2_942_Q_.jpg
2_945,../new_data/style:korea/945.jpg,../new_data/cut_style:korea/2_945_E_.jpg,../new_data/cut_style:korea/2_945_Q_.jpg
2_951,../new_data/style:korea/951.jpg,../new_data/cut_style:korea/2_951_E_.jpg,../new_data/cut_style:korea/2_951_Q_.jpg
2_954,../new_data/style:korea/954.jpg,../new_data/cut_style:korea/2_954_E_.jpg,../new_data/cut_style:korea/2_954_Q_.jpg
2_955,../new_data/style:korea/955.jpg,../new_data/cut_style:korea/2_955_E_.jpg,../new_data/cut_style:korea/2_955_Q_.jpg
2_956,../new_data/style:korea/956.jpg,../new_data/cut_style:korea/2_956_E_.jpg,../new_data/cut_style:korea/2_956_Q_.jpg
2_959,../new_data/style:korea/959.jpg,../new_data/cut_style:korea/2_959_E_.jpg,../new_data/cut_style:korea/2_959_Q_.jpg
2_960,../new_data/style:korea/960.jpg,../new_data/cut_style:korea/2_960_E_.jpg,../new_data/cut_style:korea/2_960_Q_.jpg
2_961,../new_data/style:korea/961.jpg,../new_data/cut_style:korea/2_961_E_.jpg,../new_data/cut_style:korea/2_961_Q_.jpg
2_962,../new_data/style:korea/962.jpg,../new_data/cut_style:korea/2_962_E_.jpg,../new_data/cut_style:korea/2_962_Q_.jpg
2_966,../new_data/style:korea/966.jpg,../new_data/cut_style:korea/2_966_E_.jpg,../new_data/cut_style:korea/2_966_Q_.jpg
2_967,../new_data/style:korea/967.jpg,../new_data/cut_style:korea/2_967_E_.jpg,../new_data/cut_style:korea/2_967_Q_.jpg
2_968,../new_data/style:korea/968.jpg,../new_data/cut_style:korea/2_968_E_.jpg,../new_data/cut_style:korea/2_968_Q_.jpg
2_969,../new_data/style:korea/969.jpg,../new_data/cut_style:korea/2_969_E_.jpg,../new_data/cut_style:korea/2_969_Q_.jpg
2_972,../new_data/style:korea/972.jpg,../new_data/cut_style:korea/2_972_E_.jpg,../new_data/cut_style:korea/2_972_Q_.jpg
2_973,../new_data/style:korea/973.jpg,../new_data/cut_style:korea/2_973_E_.jpg,../new_data/cut_style:korea/2_973_Q_.jpg
2_974,../new_data/style:korea/974.jpg,../new_data/cut_style:korea/2_974_E_.jpg,../new_data/cut_style:korea/2_974_Q_.jpg
2_975,../new_data/style:korea/975.jpg,../new_data/cut_style:korea/2_975_E_.jpg,../new_data/cut_style:korea/2_975_Q_.jpg
2_976,../new_data/style:korea/976.jpg,../new_data/cut_style:korea/2_976_E_.jpg,../new_data/cut_style:korea/2_976_Q_.jpg
2_977,../new_data/style:korea/977.jpg,../new_data/cut_style:korea/2_977_E_.jpg,../new_data/cut_style:korea/2_977_Q_.jpg
2_979,../new_data/style:korea/979.jpg,../new_data/cut_style:korea/2_979_E_.jpg,../new_data/cut_style:korea/2_979_Q_.jpg
2_981,../new_data/style:korea/981.jpg,../new_data/cut_style:korea/2_981_E_.jpg,../new_data/cut_style:korea/2_981_Q_.jpg
2_983,../new_data/style:korea/983.jpg,../new_data/cut_style:korea/2_983_E_.jpg,../new_data/cut_style:korea/2_983_Q_.jpg
2_984,../new_data/style:korea/984.jpg,../new_data/cut_style:korea/2_984_E_.jpg,../new_data/cut_style:korea/2_984_Q_.jpg
2_985,../new_data/style:korea/985.jpg,../new_data/cut_style:korea/2_985_E_.jpg,../new_data/cut_style:korea/2_985_Q_.jpg
2_995,../new_data/style:korea/995.jpg,../new_data/cut_style:korea/2_995_E_.jpg,../new_data/cut_style:korea/2_995_Q_.jpg
2_1002,../new_data/style:korea/1002.jpg,../new_data/cut_style:korea/2_1002_E_.jpg,../new_data/cut_style:korea/2_1002_Q_.jpg
2_1004,../new_data/style:korea/1004.jpg,../new_data/cut_style:korea/2_1004_E_.jpg,../new_data/cut_style:korea/2_1004_Q_.jpg
